Date,Time,Symbol,Price,Equity,Balance,Profit,Positions,Score,ExitScore,Factors_srScore,Factors_maScore,Factors_rsiScore,Factors_macdScore,Factors_stochScore,Factors_bbScore,Factors_atrScore,Factors_sarScore,Factors_ichimokuScore,Factors_adxScore,Factors_volumeScore,Factors_mfiScore,Factors_priceMAScore,Factors_emaScore,Factors_emaCrossScore,Factors_cciScore,Factors_breakoutScore,Factors_phaseScore,Factors_institutionalPhaseScore,Factors_orderBlockScore,Factors_sweepScore,Factors_htfScore,Factors_uhtfScore,Factors_fvgScore,Factors_pullbackScore,Factors_supportStrength,Factors_resistanceStrength,Factors_candleScore,Factors_candlePattern,Factors_candleContext,Factors_majorFactors,Factors_nearestLevels,Factors_confidence,Factors_fvgContext,ExitFactors_srScore,ExitFactors_maScore,ExitFactors_rsiScore,ExitFactors_macdScore,ExitFactors_stochScore,ExitFactors_bbScore,ExitFactors_atrScore,ExitFactors_sarScore,ExitFactors_ichimokuScore,ExitFactors_adxScore,ExitFactors_volumeScore,ExitFactors_mfiScore,ExitFactors_priceMAScore,ExitFactors_emaScore,ExitFactors_emaCrossScore,ExitFactors_cciScore,ExitFactors_breakoutScore,ExitFactors_phaseScore,ExitFactors_institutionalPhaseScore,ExitFactors_orderBlockScore,ExitFactors_sweepScore,ExitFactors_htfScore,ExitFactors_uhtfScore,ExitFactors_fvgScore,ExitFactors_pullbackScore,ExitFactors_supportStrength,ExitFactors_resistanceStrength,ExitFactors_candleScore,ExitFactors_candlePattern,ExitFactors_candleContext,ExitFactors_majorFactors,ExitFactors_nearestLevels,ExitFactors_confidence,ExitFactors_fvgContext,EntryScore_Indicator,EntryScore_ADX,EntryScore_SR,EntryScore_FVG,EntryScore_HTF,EntryScore_Candle,EntryScore_Breakout,EntryScore_Phase,EntryScore_InstPhase,EntryScore_OrderBlock,EntryScore_Sweep,EntryScore_UHTF,EntryScore_MarketType,EntryScore_Bias,EntryScore_Fibonacci,EntryScore_VWAP,EntryScore_AVWAP,EntryScore_Pullback,EntryScore_Swing,EntryScore_EMA,EntryScore_FinalScore,EntryScore_Threshold,EntryScore_StrategyType,EntryScore_ActiveStrategies,EntryScore_MainReason,ExitScoreDetails_Indicator,ExitScoreDetails_ADX,ExitScoreDetails_SR,ExitScoreDetails_FVG,ExitScoreDetails_HTF,ExitScoreDetails_Candle,ExitScoreDetails_Breakout,ExitScoreDetails_Phase,ExitScoreDetails_InstPhase,ExitScoreDetails_OrderBlock,ExitScoreDetails_Sweep,ExitScoreDetails_UHTF,ExitScoreDetails_MarketType,ExitScoreDetails_Bias,ExitScoreDetails_Fibonacci,ExitScoreDetails_VWAP,ExitScoreDetails_AVWAP,ExitScoreDetails_Pullback,ExitScoreDetails_Swing,ExitScoreDetails_EMA,ExitScoreDetails_FinalScore,ExitScoreDetails_Threshold,ExitScoreDetails_StrategyType,ExitScoreDetails_ActiveStrategies,ExitScoreDetails_MainReason,Pullback_PullbackValid,Pullback_SwingHigh,Pullback_SwingLow,Pullback_InGoldenZone,Pullback_Strength
08/11/2022,16:32:30,SYM,16.19,1000.0,1000.0,0.0,0,7.12,-75.48,0.0,90.0,-9.51,-90.0,0.0,-90.0,90.0,90.0,90.0,0.0,0.0,35.03,90.0,90.0,90.0,0.0,0.0,0.0,0.0,0.0,0.0,0.0,0.0,0.0,0.0,0.0,0.0,0.0,,,,,0.0,N/A,0.0,0.0,0.0,-80.0,0.0,0.0,0.0,0.0,0.0,0.0,0.0,0.0,0.0,0.0,24.52,0.0,0.0,0.0,0.0,0.0,0.0,0.0,0.0,0.0,0.0,0.0,0.0,0.0,,,,,0.0,,33.97,0.0,0.0,0.0,85.52,0.0,0.0,0.0,0.0,0.0,0.56,0.0,14.4,14.0,0.0,0.0,0.0,0.0,13.56,-22.2,7.12,32.4,MULTI_STRATEGY,12.0,,-75.48,0.0,0.0,0.0,0.0,0.0,0.0,0.0,0.0,0.0,0.0,0.0,0.0,0.0,0.0,0.0,0.0,0.0,0.0,0.0,-75.48,11.34,BALANCED_EXIT_STRATEGY,4.0,,false,0.0,0.0,false,0.0
08/11/2022,16:33:34,SYM,16.17,1000.0,1000.0,0.0,0,7.71,-35.48,0.0,90.0,-7.76,-90.0,0.0,-90.0,90.0,90.0,90.0,0.0,0.0,30.29,90.0,90.0,90.0,0.0,0.0,0.0,0.0,0.0,0.0,0.0,0.0,0.0,0.0,0.0,0.0,0.0,,,,,0.0,N/A,0.0,0.0,0.0,-100.0,0.0,0.0,0.0,0.0,0.0,0.0,0.0,0.0,0.0,0.0,24.33,0.0,0.0,0.0,0.0,0.0,0.0,0.0,0.0,0.0,0.0,0.0,0.0,0.0,,,,,0.0,,33.75,0.0,0.0,0.0,85.45,0.0,0.0,0.0,0.0,0.0,1.07,0.0,1.55,14.0,0.0,0.0,0.0,0.0,35.79,-18.56,7.71,32.4,MULTI_STRATEGY,12.0,,-100.0,0.0,0.0,0.0,0.0,0.0,0.0,0.0,0.0,0.0,0.0,0.0,0.0,0.0,0.0,0.0,0.0,0.0,0.0,0.0,-35.48,11.34,BALANCED_EXIT_STRATEGY,4.0,,false,0.0,0.0,false,0.0
08/11/2022,16:34:34,SYM,16.2,1000.0,1000.0,0.0,0,7.01,71.64,0.0,90.0,-20.66,-90.0,0.0,-90.0,90.0,90.0,90.0,0.0,90.0,26.86,90.0,90.0,90.0,0.0,0.0,0.0,0.0,0.0,0.0,0.0,0.0,0.0,0.0,0.0,0.0,0.0,,,,,0.0,N/A,0.0,0.0,23.09,-80.0,0.0,0.0,0.0,0.0,0.0,0.0,0.0,0.0,0.0,0.0,24.62,0.0,0.0,0.0,0.0,0.0,0.0,0.0,0.0,0.0,0.0,0.0,0.0,0.0,,,,,0.0,,39.01,0.0,0.0,0.0,85.55,0.0,0.0,15.52,0.0,0.0,0.31,0.0,2.92,14.0,0.0,0.0,0.0,0.0,2.46,-24.02,7.01,32.4,MULTI_STRATEGY,12.0,,-67.3,0.0,0.0,0.0,0.0,0.0,0.0,0.0,0.0,0.0,0.0,0.0,0.0,0.0,0.0,0.0,0.0,0.0,0.0,0.0,71.64,11.34,BALANCED_EXIT_STRATEGY,4.0,,false,0.0,0.0,false,0.0
08/11/2022,16:35:59,SYM,16.23,1000.0,1000.0,0.0,0,11.93,2.01,0.0,90.0,-25.21,90.0,0.0,-90.0,90.0,90.0,90.0,0.0,90.0,8.57,90.0,90.0,90.0,0.0,0.0,0.0,0.0,0.0,0.0,0.0,0.0,0.0,0.0,0.0,0.0,0.0,,,,,0.0,N/A,0.0,0.0,30.59,100.0,0.0,0.0,0.0,0.0,0.0,0.0,0.0,0.0,0.0,0.0,24.91,0.0,0.0,0.0,0.0,0.0,0.0,0.0,0.0,0.0,0.0,0.0,0.0,0.0,,,,,0.0,,50.24,0.0,52.15,0.0,85.65,0.0,0.0,48.6,0.0,0.0,0.0,0.0,0.0,14.0,0.0,0.0,0.0,0.0,0.0,-29.48,11.93,32.4,MULTI_STRATEGY,12.0,,100.0,0.0,0.0,0.0,0.0,0.0,0.0,0.0,0.0,0.0,0.0,0.0,0.0,0.0,0.0,0.0,0.0,0.0,0.0,0.0,2.01,11.34,BALANCED_EXIT_STRATEGY,4.0,,false,0.0,0.0,false,0.0
08/11/2022,16:36:59,SYM,16.19,1000.0,1000.0,0.0,0,9.39,-17.83,0.0,90.0,-9.51,-90.0,0.0,-90.0,90.0,90.0,90.0,0.0,90.0,6.82,90.0,90.0,90.0,0.0,0.0,0.0,0.0,0.0,0.0,0.0,0.0,0.0,0.0,0.0,0.0,0.0,,,,,0.0,N/A,0.0,0.0,0.0,-80.0,0.0,0.0,0.0,0.0,0.0,0.0,0.0,0.0,0.0,0.0,24.52,0.0,0.0,0.0,0.0,0.0,0.0,0.0,0.0,0.0,0.0,0.0,0.0,0.0,,,,,0.0,,38.38,0.0,0.0,0.0,85.52,0.0,0.0,48.6,0.0,0.0,0.56,0.0,2.61,14.0,0.0,0.0,0.0,0.0,13.56,-22.2,9.39,32.4,MULTI_STRATEGY,12.0,,-75.48,0.0,0.0,0.0,0.0,0.0,0.0,0.0,0.0,0.0,0.0,0.0,0.0,0.0,0.0,0.0,0.0,0.0,0.0,0.0,-17.83,11.34,BALANCED_EXIT_STRATEGY,4.0,,false,0.0,0.0,false,0.0
08/11/2022,16:38:30,SYM,16.07,1000.0,1000.0,0.0,0,12.81,-27.83,0.0,-90.0,3.47,-90.0,0.0,90.0,90.0,90.0,90.0,0.0,-90.0,6.42,0.0,0.0,90.0,90.0,0.0,0.0,0.0,0.0,0.0,0.0,0.0,0.0,0.0,0.0,0.0,0.0,,,,,0.0,N/A,0.0,0.0,0.0,-100.0,0.0,0.0,0.0,0.0,0.0,0.0,0.0,0.0,0.0,0.0,28.0,0.0,0.0,0.0,0.0,0.0,0.0,0.0,0.0,0.0,0.0,0.0,0.0,0.0,,,,,0.0,,19.99,0.0,0.0,0.0,80.89,0.0,0.0,48.6,0.0,0.0,3.63,0.0,0.0,0.0,0.0,0.0,0.0,0.0,100.0,22.79,12.81,32.4,MULTI_STRATEGY,12.0,,-97.0,0.0,0.0,0.0,0.0,0.0,0.0,0.0,0.0,0.0,0.0,0.0,0.0,0.0,0.0,0.0,0.0,0.0,0.0,0.0,-27.83,11.34,BALANCED_EXIT_STRATEGY,4.0,,false,0.0,0.0,false,0.0
08/11/2022,16:39:30,SYM,16.07,1000.0,1000.0,0.0,0,12.81,-37.83,0.0,-90.0,3.47,-90.0,0.0,90.0,90.0,90.0,90.0,0.0,-90.0,6.0,0.0,0.0,90.0,90.0,0.0,0.0,0.0,0.0,0.0,0.0,0.0,0.0,0.0,0.0,0.0,0.0,,,,,0.0,N/A,0.0,0.0,0.0,-100.0,0.0,0.0,0.0,0.0,0.0,0.0,0.0,0.0,0.0,0.0,28.0,0.0,0.0,0.0,0.0,0.0,0.0,0.0,0.0,0.0,0.0,0.0,0.0,0.0,,,,,0.0,,19.96,0.0,0.0,0.0,80.89,0.0,0.0,48.6,0.0,0.0,3.63,0.0,0.0,0.0,0.0,0.0,0.0,0.0,100.0,22.79,12.81,32.4,MULTI_STRATEGY,12.0,,-97.0,0.0,0.0,0.0,0.0,0.0,0.0,0.0,0.0,0.0,0.0,0.0,0.0,0.0,0.0,0.0,0.0,0.0,0.0,0.0,-37.83,11.34,BALANCED_EXIT_STRATEGY,4.0,,false,0.0,0.0,false,0.0
08/11/2022,16:41:30,SYM,16.11,1000.0,1000.0,0.0,0,12.93,-47.83,0.0,-90.0,-1.89,-90.0,0.0,-90.0,90.0,90.0,90.0,0.0,0.0,-8.07,0.0,90.0,90.0,90.0,0.0,0.0,0.0,0.0,0.0,0.0,0.0,0.0,0.0,0.0,0.0,0.0,,,,,0.0,N/A,0.0,0.0,0.0,-100.0,0.0,0.0,0.0,0.0,0.0,0.0,0.0,0.0,0.0,0.0,22.93,0.0,0.0,0.0,0.0,0.0,0.0,0.0,0.0,0.0,0.0,0.0,0.0,0.0,,,,,0.0,,18.57,0.0,0.0,0.0,85.25,0.0,0.0,48.1,0.0,0.0,1.3,0.0,0.0,14.0,0.0,0.0,0.0,0.0,100.0,-8.07,12.93,32.4,MULTI_STRATEGY,12.0,,-100.0,0.0,0.0,0.0,0.0,0.0,0.0,0.0,0.0,0.0,0.0,0.0,0.0,0.0,0.0,0.0,0.0,0.0,0.0,0.0,-47.83,11.34,BALANCED_EXIT_STRATEGY,4.0,,false,0.0,0.0,false,0.0
08/11/2022,16:45:30,SYM,16.1,1000.0,1000.0,0.0,0,12.98,-57.83,0.0,-90.0,-0.66,-90.0,0.0,-90.0,90.0,90.0,90.0,0.0,0.0,-7.64,0.0,90.0,90.0,90.0,0.0,0.0,0.0,0.0,0.0,0.0,0.0,0.0,0.0,0.0,0.0,0.0,,,,,0.0,N/A,0.0,0.0,0.0,-100.0,0.0,0.0,0.0,0.0,0.0,0.0,0.0,0.0,0.0,0.0,22.83,0.0,0.0,0.0,0.0,0.0,0.0,0.0,0.0,0.0,0.0,0.0,0.0,0.0,,,,,0.0,,18.69,0.0,0.0,0.0,85.43,0.0,0.0,48.1,0.0,0.0,1.43,0.0,0.0,14.0,0.0,0.0,0.0,0.0,100.0,-6.25,12.98,32.4,MULTI_STRATEGY,12.0,,-100.0,0.0,0.0,0.0,0.0,0.0,0.0,0.0,0.0,0.0,0.0,0.0,0.0,0.0,0.0,0.0,0.0,0.0,0.0,0.0,-57.83,11.34,BALANCED_EXIT_STRATEGY,4.0,,false,0.0,0.0,false,0.0
08/11/2022,16:46:59,SYM,16.06,1000.0,1000.0,0.0,0,11.82,-77.83,0.0,-90.0,4.73,-90.0,0.0,90.0,90.0,90.0,90.0,0.0,0.0,-6.42,0.0,0.0,90.0,90.0,0.0,0.0,0.0,0.0,0.0,0.0,0.0,0.0,0.0,0.0,0.0,0.0,,,,,0.0,N/A,0.0,0.0,0.0,-100.0,0.0,0.0,0.0,0.0,0.0,0.0,0.0,0.0,0.0,0.0,26.92,0.0,0.0,0.0,0.0,0.0,0.0,0.0,0.0,0.0,0.0,0.0,0.0,0.0,,,,,0.0,,25.59,0.0,0.0,0.0,85.3,0.0,0.0,22.4,0.0,0.0,1.94,0.0,0.0,0.0,0.0,0.0,0.0,0.0,100.0,22.72,11.82,32.4,MULTI_STRATEGY,12.0,,-98.08,0.0,0.0,0.0,0.0,0.0,0.0,0.0,0.0,0.0,0.0,0.0,0.0,0.0,0.0,0.0,0.0,0.0,0.0,0.0,-77.83,11.34,BALANCED_EXIT_STRATEGY,4.0,,false,0.0,0.0,false,0.0
08/11/2022,16:47:59,SYM,16.07,1000.0,1000.0,0.0,0,12.37,-22.51,0.0,-90.0,3.47,-90.0,0.0,90.0,90.0,90.0,90.0,0.0,0.0,0.24,0.0,0.0,90.0,30.0,0.0,0.0,0.0,0.0,0.0,0.0,0.0,0.0,0.0,0.0,0.0,0.0,,,,,0.0,N/A,0.0,0.0,0.0,-100.0,0.0,0.0,0.0,0.0,0.0,0.0,0.0,0.0,0.0,0.0,27.04,0.0,0.0,0.0,0.0,0.0,0.0,0.0,0.0,0.0,0.0,0.0,0.0,0.0,,,,,0.0,,21.69,0.0,0.0,0.0,85.33,0.0,0.0,37.95,0.0,0.0,1.81,0.0,0.0,0.0,0.0,0.0,0.0,0.0,100.0,20.44,12.37,32.4,MULTI_STRATEGY,12.0,,-97.96,0.0,0.0,0.0,0.0,0.0,0.0,0.0,0.0,0.0,0.0,0.0,0.0,0.0,0.0,0.0,0.0,0.0,0.0,0.0,-22.51,11.34,BALANCED_EXIT_STRATEGY,4.0,,false,0.0,0.0,false,0.0
08/11/2022,16:50:01,SYM,16.09,1000.0,1000.0,0.0,0,16.3,-32.51,0.0,-90.0,0.31,-90.0,0.0,-90.0,90.0,90.0,90.0,0.0,0.0,-1.36,0.0,90.0,90.0,90.0,0.0,0.0,0.0,0.0,0.0,0.0,0.0,0.0,0.0,0.0,0.0,0.0,,,,,0.0,N/A,0.0,0.0,0.0,-100.0,0.0,0.0,0.0,0.0,0.0,0.0,0.0,0.0,0.0,0.0,22.11,0.0,0.0,0.0,0.0,0.0,0.0,0.0,0.0,0.0,0.0,0.0,0.0,0.0,,,,,0.0,,19.21,0.0,70.01,0.0,85.4,0.0,0.0,37.95,0.0,0.0,1.82,0.0,0.0,14.0,0.0,0.0,0.0,0.0,100.0,-4.86,16.3,32.4,MULTI_STRATEGY,12.0,,-100.0,0.0,0.0,0.0,0.0,0.0,0.0,0.0,0.0,0.0,0.0,0.0,0.0,0.0,0.0,0.0,0.0,0.0,0.0,0.0,-32.51,11.34,BALANCED_EXIT_STRATEGY,4.0,,false,0.0,0.0,false,0.0
08/11/2022,16:51:30,SYM,16.05,1000.0,1000.0,0.0,0,11.89,-51.72,0.0,-90.0,6.21,-90.0,0.0,90.0,90.0,90.0,90.0,0.0,0.0,-0.4,0.0,0.0,90.0,85.0,0.0,0.0,0.0,0.0,0.0,0.0,0.0,0.0,0.0,0.0,0.0,0.0,,,,,0.0,N/A,0.0,0.0,0.0,-100.0,0.0,0.0,0.0,0.0,0.0,0.0,0.0,0.0,0.0,0.0,26.04,0.0,0.0,0.0,0.0,0.0,0.0,0.0,0.0,0.0,0.0,0.0,0.0,0.0,,,,,0.0,,25.77,0.0,0.0,0.0,85.26,0.0,0.0,22.4,0.0,0.0,2.46,0.0,0.0,0.0,0.0,0.0,0.0,0.0,100.0,24.36,11.89,32.4,MULTI_STRATEGY,12.0,,-98.96,0.0,0.0,0.0,0.0,0.0,0.0,0.0,0.0,0.0,0.0,0.0,0.0,0.0,0.0,0.0,0.0,0.0,0.0,0.0,-51.72,11.34,BALANCED_EXIT_STRATEGY,4.0,,false,0.0,0.0,false,0.0
08/11/2022,16:53:00,SYM,16.19,1000.0,1000.0,0.0,0,13.57,-41.72,0.0,90.0,-22.3,-90.0,0.0,-90.0,90.0,90.0,90.0,0.0,0.0,-3.17,90.0,90.0,90.0,0.0,0.0,0.0,0.0,0.0,0.0,0.0,0.0,0.0,0.0,0.0,0.0,0.0,,,,,0.0,N/A,0.0,0.0,25.79,0.0,0.0,0.0,0.0,0.0,0.0,0.0,0.0,0.0,0.0,0.0,23.1,0.0,0.0,0.0,0.0,0.0,0.0,0.0,0.0,0.0,0.0,0.0,0.0,0.0,,,,,0.0,,30.32,0.0,70.81,0.0,89.99,0.0,0.0,23.67,0.0,0.0,0.23,0.0,0.0,14.0,0.0,41.16,0.0,0.0,13.56,-23.08,13.57,32.4,MULTI_STRATEGY,12.0,,32.13,0.0,0.0,0.0,0.0,0.0,0.0,0.0,0.0,0.0,0.0,0.0,0.0,0.0,0.0,0.0,0.0,0.0,0.0,0.0,-41.72,11.34,BALANCED_EXIT_STRATEGY,4.0,,false,0.0,0.0,false,0.0
08/11/2022,16:55:30,SYM,16.12,1000.0,1000.0,0.0,0,12.31,-41.76,0.0,-90.0,-3.78,-90.0,0.0,-90.0,90.0,90.0,90.0,0.0,0.0,-4.01,0.0,90.0,90.0,0.0,0.0,0.0,0.0,0.0,0.0,0.0,0.0,0.0,0.0,0.0,0.0,0.0,,,,,0.0,N/A,0.0,0.0,0.0,0.0,0.0,0.0,0.0,0.0,0.0,0.0,0.0,0.0,0.0,0.0,22.41,0.0,0.0,0.0,0.0,0.0,0.0,0.0,0.0,0.0,0.0,0.0,0.0,0.0,,,,,0.0,,12.3,0.0,26.35,0.0,89.75,0.0,0.0,23.67,0.0,0.0,1.34,0.0,0.0,14.0,0.0,0.0,0.0,0.0,91.62,-10.33,12.31,32.4,MULTI_STRATEGY,12.0,,22.41,0.0,0.0,0.0,0.0,0.0,0.0,0.0,0.0,0.0,0.0,0.0,0.0,0.0,0.0,0.0,0.0,0.0,0.0,0.0,-41.76,11.34,BALANCED_EXIT_STRATEGY,4.0,,false,0.0,0.0,false,0.0
08/11/2022,17:05:30,SYM,16.18,1000.0,1000.0,0.0,0,11.67,-41.76,0.0,90.0,-21.85,-90.0,90.0,-90.0,90.0,90.0,90.0,0.0,0.0,-3.73,90.0,90.0,90.0,90.0,0.0,0.0,0.0,0.0,0.0,0.0,0.0,0.0,0.0,0.0,0.0,0.0,,,,,0.0,N/A,0.0,0.0,28.81,-80.0,0.0,0.0,0.0,0.0,0.0,0.0,0.0,0.0,0.0,0.0,22.87,0.0,0.0,0.0,0.0,0.0,0.0,0.0,0.0,0.0,0.0,0.0,0.0,0.0,,,,,0.0,,43.17,0.0,24.04,0.0,79.47,0.0,0.0,15.47,0.0,0.0,0.69,0.0,0.0,14.0,0.0,40.84,0.0,0.0,24.67,-21.6,11.67,32.4,MULTI_STRATEGY,12.0,,-67.04,0.0,0.0,0.0,0.0,0.0,0.0,0.0,0.0,0.0,0.0,0.0,0.0,0.0,0.0,0.0,0.0,0.0,0.0,0.0,-41.76,11.34,BALANCED_EXIT_STRATEGY,4.0,,false,0.0,0.0,false,0.0
08/11/2022,17:07:01,SYM,16.24,1000.0,1000.0,0.0,0,13.01,-49.72,0.0,90.0,-32.32,-90.0,90.0,-90.0,90.0,90.0,90.0,0.0,0.0,-4.01,90.0,90.0,90.0,90.0,0.0,0.0,0.0,0.0,0.0,0.0,0.0,0.0,0.0,0.0,0.0,0.0,,,,,0.0,N/A,0.0,0.0,48.68,-80.0,0.0,0.0,0.0,0.0,0.0,0.0,0.0,0.0,0.0,0.0,23.47,0.0,0.0,0.0,0.0,0.0,0.0,0.0,0.0,0.0,0.0,0.0,0.0,0.0,,,,,0.0,,42.41,0.0,77.32,0.0,79.63,0.0,0.0,15.47,0.0,0.0,0.0,0.0,0.0,14.0,0.0,43.74,0.0,0.0,0.0,-37.4,13.01,32.4,MULTI_STRATEGY,12.0,,-59.49,0.0,0.0,0.0,0.0,0.0,0.0,0.0,0.0,0.0,0.0,0.0,0.0,0.0,0.0,0.0,0.0,0.0,0.0,0.0,-49.72,11.34,BALANCED_EXIT_STRATEGY,4.0,,false,0.0,0.0,false,0.0
08/11/2022,17:08:30,SYM,16.2,1000.0,1000.0,0.0,0,14.35,-49.72,0.0,90.0,-25.68,-90.0,90.0,-90.0,90.0,90.0,90.0,0.0,0.0,-4.82,90.0,90.0,90.0,90.0,0.0,0.0,0.0,0.0,0.0,0.0,0.0,0.0,0.0,0.0,0.0,0.0,,,,,0.0,N/A,0.0,0.0,36.08,-80.0,0.0,0.0,0.0,0.0,0.0,0.0,0.0,0.0,0.0,0.0,23.07,0.0,0.0,0.0,0.0,0.0,0.0,0.0,0.0,0.0,0.0,0.0,0.0,0.0,,,,,0.0,,42.82,0.0,97.18,0.0,79.52,0.0,0.0,15.47,0.0,0.0,0.18,0.0,0.0,14.0,0.0,41.69,0.0,0.0,2.46,-25.24,14.35,32.4,MULTI_STRATEGY,12.0,,-64.3,0.0,0.0,0.0,0.0,0.0,0.0,0.0,0.0,0.0,0.0,0.0,0.0,0.0,0.0,0.0,0.0,0.0,0.0,0.0,-49.72,11.34,BALANCED_EXIT_STRATEGY,4.0,,false,0.0,0.0,false,0.0
08/11/2022,17:09:30,SYM,16.21,1000.0,1000.0,0.0,0,14.26,-49.72,0.0,90.0,-27.46,-90.0,90.0,-90.0,90.0,90.0,90.0,0.0,0.0,-5.08,90.0,90.0,90.0,90.0,0.0,0.0,0.0,0.0,0.0,0.0,0.0,0.0,0.0,0.0,0.0,0.0,,,,,0.0,N/A,0.0,0.0,39.46,-80.0,0.0,0.0,0.0,0.0,0.0,0.0,0.0,0.0,0.0,0.0,23.17,0.0,0.0,0.0,0.0,0.0,0.0,0.0,0.0,0.0,0.0,0.0,0.0,0.0,,,,,0.0,,42.68,0.0,98.34,0.0,79.55,0.0,0.0,15.47,0.0,0.0,0.06,0.0,0.0,14.0,0.0,42.14,0.0,0.0,0.0,-27.06,14.26,32.4,MULTI_STRATEGY,12.0,,-63.02,0.0,0.0,0.0,0.0,0.0,0.0,0.0,0.0,0.0,0.0,0.0,0.0,0.0,0.0,0.0,0.0,0.0,0.0,0.0,-49.72,11.34,BALANCED_EXIT_STRATEGY,4.0,,false,0.0,0.0,false,0.0
08/11/2022,17:20:00,SYM,16.2,1000.0,1000.0,0.0,0,14.0,-58.84,0.0,90.0,-24.12,-90.0,90.0,-90.0,90.0,90.0,90.0,0.0,0.0,7.55,90.0,90.0,90.0,36.0,0.0,0.0,0.0,0.0,0.0,0.0,0.0,0.0,0.0,0.0,0.0,0.0,,,,,0.0,N/A,0.0,0.0,26.18,-80.0,0.0,0.0,0.0,0.0,0.0,0.0,0.0,0.0,0.0,0.0,23.58,0.0,0.0,0.0,0.0,0.0,0.0,0.0,0.0,0.0,0.0,0.0,0.0,0.0,,,,,0.0,,39.96,0.0,97.65,0.0,79.62,0.0,0.0,6.51,0.0,0.0,0.18,0.0,0.0,14.0,0.0,45.79,0.0,0.0,2.46,-22.1,14.0,32.4,MULTI_STRATEGY,12.0,,-67.25,0.0,0.0,0.0,0.0,0.0,0.0,0.0,0.0,0.0,0.0,0.0,0.0,0.0,0.0,0.0,0.0,0.0,0.0,0.0,-58.84,11.34,BALANCED_EXIT_STRATEGY,4.0,,false,0.0,0.0,false,0.0
08/11/2022,17:24:01,SYM,16.24,1000.0,1000.0,0.0,0,14.09,-38.84,0.0,90.0,-32.88,90.0,90.0,-90.0,90.0,90.0,90.0,0.0,0.0,8.48,90.0,90.0,90.0,30.0,0.0,0.0,0.0,0.0,0.0,0.0,0.0,0.0,0.0,0.0,0.0,0.0,,,,,0.0,N/A,0.0,0.0,45.22,100.0,0.0,0.0,0.0,0.0,0.0,0.0,0.0,0.0,0.0,0.0,23.98,0.0,0.0,0.0,0.0,0.0,0.0,0.0,0.0,0.0,0.0,0.0,0.0,0.0,,,,,0.0,,51.83,0.0,77.07,0.0,79.72,0.0,0.0,6.51,0.0,0.0,0.0,0.0,14.09,14.0,0.0,47.87,0.0,0.0,0.0,-37.61,14.09,32.4,MULTI_STRATEGY,12.0,,100.0,0.0,0.0,0.0,0.0,0.0,0.0,0.0,0.0,0.0,0.0,0.0,0.0,0.0,0.0,0.0,0.0,0.0,0.0,0.0,-38.84,11.34,BALANCED_EXIT_STRATEGY,4.0,,false,0.0,0.0,false,0.0
08/11/2022,17:25:30,SYM,16.2,1000.0,1000.0,0.0,0,14.45,-18.84,0.0,90.0,-24.12,-90.0,90.0,-90.0,90.0,90.0,90.0,0.0,0.0,22.69,90.0,90.0,90.0,30.0,0.0,0.0,0.0,0.0,0.0,0.0,0.0,0.0,0.0,0.0,0.0,0.0,,,,,0.0,N/A,0.0,0.0,26.18,-80.0,0.0,0.0,0.0,0.0,0.0,0.0,0.0,0.0,0.0,0.0,23.58,0.0,0.0,0.0,0.0,0.0,0.0,0.0,0.0,0.0,0.0,0.0,0.0,0.0,,,,,0.0,,40.61,0.0,97.22,0.0,79.62,0.0,0.0,0.66,0.0,0.0,0.18,0.0,14.09,14.0,0.0,45.69,0.0,0.0,2.46,-22.1,14.45,32.4,MULTI_STRATEGY,12.0,,-67.25,0.0,0.0,0.0,0.0,0.0,0.0,0.0,0.0,0.0,0.0,0.0,0.0,0.0,0.0,0.0,0.0,0.0,0.0,0.0,-18.84,11.34,BALANCED_EXIT_STRATEGY,4.0,,false,0.0,0.0,false,0.0
08/11/2022,17:35:01,SYM,16.25,1000.0,1000.0,0.0,0,14.76,-8.84,0.0,90.0,-33.87,90.0,0.0,-90.0,90.0,90.0,90.0,0.0,0.0,5.6,90.0,90.0,90.0,0.0,0.0,0.0,0.0,0.0,0.0,0.0,0.0,0.0,0.0,0.0,0.0,0.0,,,,,0.0,N/A,0.0,0.0,44.89,100.0,0.0,0.0,0.0,0.0,0.0,0.0,0.0,0.0,0.0,0.0,24.31,0.0,0.0,0.0,0.0,0.0,0.0,0.0,0.0,0.0,0.0,0.0,0.0,0.0,,,,,0.0,,42.98,0.0,70.04,0.0,84.54,0.0,0.0,0.0,0.0,0.0,0.0,0.0,0.0,14.0,0.0,48.35,0.0,0.0,47.53,-39.93,14.76,32.4,MULTI_STRATEGY,12.0,,100.0,0.0,0.0,0.0,0.0,0.0,0.0,0.0,0.0,0.0,0.0,0.0,0.0,0.0,0.0,0.0,0.0,0.0,0.0,0.0,-8.84,11.34,BALANCED_EXIT_STRATEGY,4.0,,false,0.0,0.0,false,0.0
08/11/2022,17:37:00,SYM,16.25,1000.0,1000.0,0.0,0,14.32,11.16,0.0,90.0,-33.87,90.0,0.0,-90.0,90.0,90.0,90.0,0.0,0.0,4.64,90.0,90.0,90.0,0.0,0.0,0.0,0.0,0.0,0.0,0.0,0.0,0.0,0.0,0.0,0.0,0.0,,,,,0.0,N/A,0.0,0.0,44.89,100.0,0.0,0.0,0.0,0.0,0.0,0.0,0.0,0.0,0.0,0.0,24.31,0.0,0.0,0.0,0.0,0.0,0.0,0.0,0.0,0.0,0.0,0.0,0.0,0.0,,,,,0.0,,42.91,0.0,62.15,0.0,84.54,0.0,0.0,0.0,0.0,0.0,0.0,0.0,0.0,14.0,0.0,48.15,0.0,0.0,47.53,-39.93,14.32,32.4,MULTI_STRATEGY,12.0,,100.0,0.0,0.0,0.0,0.0,0.0,0.0,0.0,0.0,0.0,0.0,0.0,0.0,0.0,0.0,0.0,0.0,0.0,0.0,0.0,11.16,11.34,BALANCED_EXIT_STRATEGY,4.0,,false,0.0,0.0,false,0.0
08/11/2022,17:38:00,SYM,16.25,1000.0,1000.0,0.0,0,17.07,91.16,0.0,90.0,-33.87,90.0,0.0,-90.0,90.0,90.0,90.0,0.0,90.0,-6.12,90.0,90.0,90.0,0.0,0.0,0.0,0.0,0.0,0.0,0.0,0.0,0.0,0.0,0.0,0.0,0.0,,,,,0.0,N/A,0.0,0.0,44.89,100.0,0.0,0.0,0.0,0.0,0.0,0.0,0.0,0.0,0.0,0.0,24.31,0.0,0.0,0.0,0.0,0.0,0.0,0.0,0.0,0.0,0.0,0.0,0.0,0.0,,,,,0.0,,48.57,0.0,69.29,0.0,84.54,0.0,0.0,15.6,0.0,0.0,0.0,0.0,0.0,14.0,0.0,70.9,0.0,0.0,47.53,-43.92,17.07,32.4,MULTI_STRATEGY,12.0,,100.0,0.0,0.0,0.0,0.0,0.0,0.0,0.0,0.0,0.0,0.0,0.0,0.0,0.0,0.0,0.0,0.0,0.0,0.0,0.0,91.16,11.34,BALANCED_EXIT_STRATEGY,4.0,,false,0.0,0.0,false,0.0
08/11/2022,17:46:30,SYM,16.3,1000.0,1000.0,0.0,0,11.77,91.16,0.0,90.0,-90.0,90.0,0.0,-90.0,90.0,90.0,90.0,0.0,0.0,-90.0,90.0,90.0,90.0,90.0,0.0,0.0,0.0,0.0,0.0,0.0,0.0,0.0,0.0,0.0,0.0,0.0,,,,,0.0,N/A,0.0,0.0,74.34,100.0,0.0,0.0,0.0,0.0,0.0,0.0,0.0,0.0,0.0,0.0,25.18,0.0,0.0,0.0,0.0,0.0,0.0,0.0,0.0,0.0,0.0,0.0,0.0,0.0,,,,,0.0,,38.57,0.0,22.15,0.0,84.63,0.0,0.0,47.62,0.0,0.0,0.0,0.0,0.0,14.0,0.0,49.47,0.0,0.0,0.0,-50.54,11.77,32.4,MULTI_STRATEGY,12.0,,100.0,0.0,0.0,0.0,0.0,0.0,0.0,0.0,0.0,0.0,0.0,0.0,0.0,0.0,0.0,0.0,0.0,0.0,0.0,0.0,91.16,11.34,BALANCED_EXIT_STRATEGY,4.0,,false,0.0,0.0,false,0.0
08/11/2022,17:50:01,SYM,16.3,1000.0,1000.0,0.0,0,11.28,91.16,0.0,90.0,-90.0,90.0,0.0,-90.0,-90.0,90.0,90.0,0.0,0.0,-38.0,90.0,90.0,90.0,36.0,0.0,0.0,0.0,0.0,0.0,0.0,0.0,0.0,0.0,0.0,0.0,0.0,,,,,0.0,N/A,0.0,0.0,67.58,100.0,0.0,0.0,0.0,0.0,0.0,0.0,0.0,0.0,0.0,0.0,25.8,0.0,0.0,0.0,0.0,0.0,0.0,0.0,0.0,0.0,0.0,0.0,0.0,0.0,,,,,0.0,,25.57,0.0,28.19,0.0,84.63,0.0,0.0,47.62,0.0,0.0,0.0,0.0,0.0,14.0,0.0,49.43,0.0,0.0,0.0,-50.55,11.28,25.18,MULTI_STRATEGY,12.0,,100.0,0.0,0.0,0.0,0.0,0.0,0.0,0.0,0.0,0.0,0.0,0.0,0.0,0.0,0.0,0.0,0.0,0.0,0.0,0.0,91.16,8.81,BALANCED_EXIT_STRATEGY,4.0,,false,0.0,0.0,false,0.0
08/11/2022,17:53:00,SYM,16.3,1000.0,1000.0,0.0,0,11.48,91.16,0.0,90.0,-90.0,90.0,0.0,-90.0,-90.0,90.0,90.0,0.0,0.0,-38.0,90.0,90.0,90.0,36.0,0.0,0.0,0.0,0.0,0.0,0.0,0.0,0.0,0.0,0.0,0.0,0.0,,,,,0.0,N/A,0.0,0.0,67.58,100.0,0.0,0.0,0.0,0.0,0.0,0.0,0.0,0.0,0.0,0.0,25.8,0.0,0.0,0.0,0.0,0.0,0.0,0.0,0.0,0.0,0.0,0.0,0.0,0.0,,,,,0.0,,25.57,0.0,21.52,0.0,84.63,0.0,0.0,46.38,0.0,0.0,0.0,0.0,0.0,14.0,0.0,61.14,0.0,0.0,0.0,-50.55,11.48,25.18,MULTI_STRATEGY,12.0,,100.0,0.0,0.0,0.0,0.0,0.0,0.0,0.0,0.0,0.0,0.0,0.0,0.0,0.0,0.0,0.0,0.0,0.0,0.0,0.0,91.16,8.81,BALANCED_EXIT_STRATEGY,4.0,,false,0.0,0.0,false,0.0
08/11/2022,17:54:30,SYM,16.32,1000.0,1000.0,0.0,0,19.92,91.16,0.0,90.0,-90.0,90.0,0.0,-90.0,-90.0,90.0,90.0,0.0,90.0,-90.0,90.0,90.0,90.0,36.0,0.0,0.0,0.0,0.0,0.0,0.0,0.0,0.0,0.0,0.0,0.0,0.0,,,,,0.0,N/A,0.0,0.0,70.93,100.0,0.0,0.0,0.0,0.0,0.0,0.0,0.0,0.0,0.0,0.0,25.99,0.0,0.0,0.0,0.0,0.0,0.0,0.0,0.0,0.0,0.0,0.0,0.0,0.0,,,,,0.0,,28.29,96.1,100.0,0.0,84.67,0.0,0.0,46.38,-100.0,0.0,0.0,0.0,0.0,14.0,0.0,74.38,0.0,0.0,0.0,48.76,19.92,26.84,MULTI_STRATEGY,12.0,,100.0,0.0,0.0,0.0,0.0,0.0,0.0,0.0,0.0,0.0,0.0,0.0,0.0,0.0,0.0,0.0,0.0,0.0,0.0,0.0,91.16,9.4,BALANCED_EXIT_STRATEGY,4.0,,false,0.0,0.0,false,0.0
08/11/2022,17:57:30,SYM,16.29,1000.0,1000.0,0.0,0,13.27,91.16,0.0,90.0,-38.46,90.0,0.0,-90.0,-90.0,90.0,90.0,0.0,-90.0,-90.0,90.0,90.0,90.0,36.0,0.0,0.0,0.0,0.0,0.0,0.0,0.0,0.0,0.0,0.0,0.0,0.0,,,,,0.0,N/A,0.0,0.0,47.69,100.0,0.0,0.0,0.0,0.0,0.0,0.0,0.0,0.0,0.0,0.0,25.7,0.0,0.0,0.0,0.0,0.0,0.0,0.0,0.0,0.0,0.0,0.0,0.0,0.0,,,,,0.0,,19.11,91.56,24.98,0.0,84.61,0.0,0.0,46.38,-100.0,0.0,0.0,0.0,0.0,14.0,0.0,72.05,0.0,0.0,3.44,-48.46,13.27,27.17,MULTI_STRATEGY,12.0,,100.0,0.0,0.0,0.0,0.0,0.0,0.0,0.0,0.0,0.0,0.0,0.0,0.0,0.0,0.0,0.0,0.0,0.0,0.0,0.0,91.16,9.51,BALANCED_EXIT_STRATEGY,4.0,,false,0.0,0.0,false,0.0
08/11/2022,17:58:59,SYM,16.32,1000.0,1000.0,0.0,0,19.73,91.16,0.0,90.0,-90.0,90.0,0.0,-90.0,-90.0,90.0,90.0,0.0,90.0,-90.0,90.0,90.0,90.0,36.0,0.0,0.0,0.0,0.0,0.0,0.0,0.0,0.0,0.0,0.0,0.0,0.0,,,,,0.0,N/A,0.0,0.0,70.93,100.0,0.0,0.0,0.0,0.0,0.0,0.0,0.0,0.0,0.0,0.0,25.99,0.0,0.0,0.0,0.0,0.0,0.0,0.0,0.0,0.0,0.0,0.0,0.0,0.0,,,,,0.0,,28.29,91.56,100.0,0.0,84.67,0.0,0.0,49.1,-100.0,0.0,0.0,0.0,0.0,14.0,0.0,74.21,0.0,0.0,0.0,48.76,19.73,27.17,MULTI_STRATEGY,12.0,,100.0,0.0,0.0,0.0,0.0,0.0,0.0,0.0,0.0,0.0,0.0,0.0,0.0,0.0,0.0,0.0,0.0,0.0,0.0,0.0,91.16,9.51,BALANCED_EXIT_STRATEGY,4.0,,false,0.0,0.0,false,0.0
08/11/2022,18:00:30,SYM,16.3,1000.0,1000.0,0.0,0,22.02,91.16,0.0,90.0,-90.0,90.0,0.0,-90.0,-90.0,90.0,90.0,0.0,0.0,-90.0,90.0,90.0,90.0,36.0,0.0,0.0,0.0,0.0,0.0,0.0,0.0,0.0,0.0,0.0,0.0,0.0,,,,,0.0,BULL_FVG:84.0,0.0,0.0,51.99,100.0,0.0,0.0,0.0,0.0,0.0,0.0,0.0,0.0,0.0,0.0,26.15,0.0,0.0,0.0,0.0,0.0,0.0,0.0,0.0,0.0,0.0,0.0,0.0,0.0,,,,,0.0,,21.86,84.0,21.4,100.0,85.93,0.0,0.0,49.1,0.0,0.0,0.0,0.0,0.0,14.0,0.0,48.35,0.0,30.0,0.0,-50.56,22.02,21.6,MULTI_STRATEGY,12.0,,100.0,0.0,0.0,0.0,0.0,0.0,0.0,0.0,0.0,0.0,0.0,0.0,0.0,0.0,0.0,0.0,0.0,0.0,0.0,0.0,91.16,7.56,BALANCED_EXIT_STRATEGY,4.0,,true,16.45,16.06,false,30.0
08/11/2022,18:04:30,SYM,16.32,1000.0,1000.0,0.0,0,28.94,91.16,0.0,90.0,-90.0,90.0,0.0,-90.0,-90.0,90.0,90.0,0.0,0.0,-90.0,90.0,90.0,90.0,36.0,0.0,0.0,0.0,0.0,0.0,0.0,0.0,0.0,0.0,0.0,0.0,0.0,,,,,0.0,BULL_FVG:84.0,0.0,0.0,71.32,100.0,0.0,0.0,0.0,0.0,0.0,0.0,0.0,0.0,0.0,0.0,26.34,0.0,0.0,0.0,0.0,0.0,0.0,0.0,0.0,0.0,0.0,0.0,0.0,0.0,,,,,0.0,,21.86,84.0,100.0,100.0,85.96,0.0,0.0,42.05,0.0,0.0,0.0,0.0,2.21,14.0,0.0,49.4,0.0,50.0,0.0,48.75,28.94,21.6,MULTI_STRATEGY,12.0,,100.0,0.0,0.0,0.0,0.0,0.0,0.0,0.0,0.0,0.0,0.0,0.0,0.0,0.0,0.0,0.0,0.0,0.0,0.0,0.0,91.16,7.56,BALANCED_EXIT_STRATEGY,4.0,,true,16.45,16.06,false,50.0
08/11/2022,18:09:00,SYM,16.32,1000.0,1000.0,0.0,0,28.98,91.16,0.0,90.0,-90.0,90.0,0.0,-90.0,-90.0,90.0,90.0,0.0,0.0,-90.0,90.0,90.0,90.0,36.0,0.0,0.0,0.0,0.0,0.0,0.0,0.0,0.0,0.0,0.0,0.0,0.0,,,,,0.0,BULL_FVG:84.0,0.0,0.0,71.32,100.0,0.0,0.0,0.0,0.0,0.0,0.0,0.0,0.0,0.0,0.0,26.34,0.0,0.0,0.0,0.0,0.0,0.0,0.0,0.0,0.0,0.0,0.0,0.0,0.0,,,,,0.0,,21.86,84.0,100.0,100.0,85.96,0.0,0.0,26.46,0.0,0.0,0.0,0.0,2.21,14.0,0.0,49.37,16.38,50.0,0.0,48.75,28.98,21.6,MULTI_STRATEGY,12.0,,100.0,0.0,0.0,0.0,0.0,0.0,0.0,0.0,0.0,0.0,0.0,0.0,0.0,0.0,0.0,0.0,0.0,0.0,0.0,0.0,91.16,7.56,BALANCED_EXIT_STRATEGY,4.0,,true,16.45,16.06,false,50.0
08/11/2022,18:13:30,SYM,16.32,1000.0,1000.0,0.0,0,27.63,81.16,0.0,90.0,-37.54,90.0,0.0,-90.0,-90.0,90.0,0.0,0.0,0.0,-90.0,90.0,90.0,90.0,36.0,0.0,0.0,0.0,0.0,0.0,0.0,0.0,0.0,0.0,0.0,0.0,0.0,,,,,0.0,BULL_FVG:84.0,0.0,0.0,46.31,-100.0,0.0,0.0,0.0,0.0,0.0,0.0,0.0,0.0,0.0,0.0,26.84,0.0,0.0,0.0,0.0,0.0,0.0,0.0,0.0,0.0,0.0,0.0,0.0,0.0,,,,,0.0,,19.18,77.82,0.0,100.0,85.96,0.0,0.0,18.65,0.0,0.0,0.0,0.0,0.0,14.0,0.0,49.28,16.37,50.0,100.0,37.99,27.63,21.6,MULTI_STRATEGY,12.0,,-81.95,0.0,0.0,0.0,0.0,0.0,0.0,0.0,0.0,0.0,0.0,0.0,0.0,0.0,0.0,0.0,0.0,0.0,0.0,0.0,81.16,7.56,BALANCED_EXIT_STRATEGY,4.0,,true,16.45,16.06,false,50.0
08/11/2022,18:15:30,SYM,16.27,1000.0,1000.0,0.0,0,23.59,71.16,0.0,90.0,-20.49,90.0,0.0,-90.0,-90.0,90.0,0.0,0.0,0.0,-90.0,90.0,90.0,90.0,36.0,0.0,0.0,0.0,0.0,0.0,0.0,0.0,0.0,0.0,0.0,0.0,0.0,,,,,0.0,BULL_FVG:84.0,0.0,0.0,20.73,-100.0,0.0,0.0,0.0,0.0,0.0,0.0,0.0,0.0,0.0,0.0,26.36,0.0,0.0,0.0,0.0,0.0,0.0,0.0,0.0,0.0,0.0,0.0,0.0,0.0,,,,,0.0,,20.39,0.0,17.03,100.0,85.87,0.0,0.0,18.65,0.0,0.0,0.0,0.0,0.0,14.0,0.0,46.56,27.16,80.0,100.0,-44.19,23.59,21.6,MULTI_STRATEGY,12.0,,-91.39,0.0,0.0,0.0,0.0,0.0,0.0,0.0,0.0,0.0,0.0,0.0,0.0,0.0,0.0,0.0,0.0,0.0,0.0,0.0,71.16,7.56,BALANCED_EXIT_STRATEGY,4.0,,true,16.45,16.06,true,80.0
08/11/2022,18:17:30,SYM,16.32,1000.0,1000.0,0.0,0,22.02,61.16,0.0,90.0,-37.54,90.0,0.0,-90.0,-90.0,90.0,0.0,0.0,0.0,-90.0,90.0,90.0,90.0,36.0,0.0,0.0,0.0,0.0,0.0,0.0,0.0,0.0,0.0,0.0,0.0,0.0,,,,,0.0,BULL_FVG:84.0,0.0,0.0,46.31,-100.0,0.0,0.0,0.0,0.0,0.0,0.0,0.0,0.0,0.0,0.0,26.84,0.0,0.0,0.0,0.0,0.0,0.0,0.0,0.0,0.0,0.0,0.0,0.0,0.0,,,,,0.0,,19.18,0.0,0.0,100.0,85.96,0.0,0.0,18.65,0.0,0.0,0.0,0.0,0.0,14.0,0.0,49.24,16.39,50.0,100.0,37.99,22.02,21.6,MULTI_STRATEGY,12.0,,-81.95,0.0,0.0,0.0,0.0,0.0,0.0,0.0,0.0,0.0,0.0,0.0,0.0,0.0,0.0,0.0,0.0,0.0,0.0,0.0,61.16,7.56,BALANCED_EXIT_STRATEGY,4.0,,true,16.45,16.06,false,50.0
08/11/2022,18:18:30,SYM,16.3,1000.0,1000.0,0.0,0,19.53,51.16,0.0,90.0,-30.17,90.0,0.0,-90.0,-90.0,90.0,0.0,0.0,0.0,-90.0,90.0,90.0,90.0,36.0,0.0,0.0,0.0,0.0,0.0,0.0,0.0,0.0,0.0,0.0,0.0,0.0,,,,,0.0,BULL_FVG:84.0,0.0,0.0,35.26,-100.0,0.0,0.0,0.0,0.0,0.0,0.0,0.0,0.0,0.0,0.0,26.64,0.0,0.0,0.0,0.0,0.0,0.0,0.0,0.0,0.0,0.0,0.0,0.0,0.0,,,,,0.0,,19.7,0.0,0.0,100.0,85.93,0.0,0.0,18.65,0.0,0.0,0.0,0.0,0.0,14.0,0.0,48.13,20.44,30.0,100.0,-50.47,19.53,21.6,MULTI_STRATEGY,12.0,,-86.02,0.0,0.0,0.0,0.0,0.0,0.0,0.0,0.0,0.0,0.0,0.0,0.0,0.0,0.0,0.0,0.0,0.0,0.0,0.0,51.16,7.56,BALANCED_EXIT_STRATEGY,4.0,,true,16.45,16.06,false,30.0
08/11/2022,18:22:00,SYM,16.32,1000.0,1000.0,0.0,0,21.71,41.16,0.0,90.0,-34.14,90.0,0.0,-90.0,-90.0,90.0,90.0,0.0,0.0,-90.0,90.0,90.0,90.0,0.0,0.0,0.0,0.0,0.0,0.0,0.0,0.0,0.0,0.0,0.0,0.0,0.0,,,,,0.0,BULL_FVG:84.0,0.0,0.0,41.21,-100.0,0.0,0.0,0.0,0.0,0.0,0.0,0.0,0.0,0.0,0.0,26.71,0.0,0.0,0.0,0.0,0.0,0.0,0.0,0.0,0.0,0.0,0.0,0.0,0.0,,,,,0.0,,23.28,0.0,0.0,100.0,85.96,0.0,0.0,11.42,0.0,0.0,0.0,0.0,0.0,14.0,0.0,49.19,9.67,50.0,100.0,48.83,21.71,21.6,MULTI_STRATEGY,12.0,,-83.86,0.0,0.0,0.0,0.0,0.0,0.0,0.0,0.0,0.0,0.0,0.0,0.0,0.0,0.0,0.0,0.0,0.0,0.0,0.0,41.16,7.56,BALANCED_EXIT_STRATEGY,4.0,,true,16.45,16.06,false,50.0
08/11/2022,18:24:01,SYM,16.3,1000.0,1000.0,0.0,0,24.06,21.16,0.0,90.0,-30.17,90.0,0.0,-90.0,-90.0,90.0,90.0,0.0,0.0,-90.0,90.0,90.0,90.0,36.0,0.0,0.0,0.0,0.0,0.0,0.0,0.0,0.0,0.0,0.0,0.0,0.0,,,,,0.0,BULL_FVG:84.0,0.0,0.0,35.26,-100.0,0.0,0.0,0.0,0.0,0.0,0.0,0.0,0.0,0.0,0.0,26.52,0.0,0.0,0.0,0.0,0.0,0.0,0.0,0.0,0.0,0.0,0.0,0.0,0.0,,,,,0.0,,26.13,78.03,0.0,100.0,85.93,0.0,0.0,11.42,0.0,0.0,0.0,0.0,0.0,14.0,0.0,48.05,0.0,30.0,100.0,-50.48,24.06,21.6,MULTI_STRATEGY,12.0,,-86.14,0.0,0.0,0.0,0.0,0.0,0.0,0.0,0.0,0.0,0.0,0.0,0.0,0.0,0.0,0.0,0.0,0.0,0.0,0.0,21.16,7.56,BALANCED_EXIT_STRATEGY,4.0,,true,16.45,16.06,false,30.0
08/11/2022,18:26:30,SYM,16.3,1000.0,1000.0,0.0,0,24.06,1.16,0.0,90.0,-30.17,90.0,0.0,-90.0,-90.0,90.0,90.0,0.0,0.0,-90.0,90.0,90.0,90.0,36.0,0.0,0.0,0.0,0.0,0.0,0.0,0.0,0.0,0.0,0.0,0.0,0.0,,,,,0.0,BULL_FVG:84.0,0.0,0.0,35.26,-100.0,0.0,0.0,0.0,0.0,0.0,0.0,0.0,0.0,0.0,0.0,26.52,0.0,0.0,0.0,0.0,0.0,0.0,0.0,0.0,0.0,0.0,0.0,0.0,0.0,,,,,0.0,,26.13,78.03,0.0,100.0,85.93,0.0,0.0,11.42,0.0,0.0,0.0,0.0,0.0,14.0,0.0,47.99,0.0,30.0,100.0,-50.48,24.06,21.6,MULTI_STRATEGY,12.0,,-86.14,0.0,0.0,0.0,0.0,0.0,0.0,0.0,0.0,0.0,0.0,0.0,0.0,0.0,0.0,0.0,0.0,0.0,0.0,0.0,1.16,7.56,BALANCED_EXIT_STRATEGY,4.0,,true,16.45,16.06,false,30.0
08/11/2022,18:28:00,SYM,16.26,1000.0,1000.0,0.0,0,29.58,-8.84,0.0,90.0,-8.08,90.0,0.0,-90.0,-90.0,90.0,90.0,0.0,0.0,-90.0,90.0,90.0,90.0,36.0,0.0,0.0,0.0,0.0,0.0,0.0,0.0,0.0,0.0,0.0,0.0,0.0,,,,,0.0,BULL_FVG:84.0,0.0,0.0,0.0,-100.0,0.0,0.0,0.0,0.0,0.0,0.0,0.0,0.0,0.0,0.0,26.13,0.0,0.0,0.0,0.0,0.0,0.0,0.0,0.0,0.0,0.0,0.0,0.0,0.0,,,,,0.0,,27.71,71.21,24.23,100.0,85.86,0.0,0.0,4.66,0.0,0.0,0.0,0.0,0.0,14.0,0.0,45.85,40.64,80.0,100.0,-40.11,29.58,21.6,MULTI_STRATEGY,12.0,,-98.87,0.0,0.0,0.0,0.0,0.0,0.0,0.0,0.0,0.0,0.0,0.0,0.0,0.0,0.0,0.0,0.0,0.0,0.0,0.0,-8.84,7.56,BALANCED_EXIT_STRATEGY,4.0,,true,16.45,16.06,true,80.0
08/11/2022,18:30:00,SYM,16.32,1000.0,1000.0,0.0,0,22.38,-48.84,0.0,90.0,-27.98,90.0,-90.0,-90.0,-90.0,90.0,90.0,0.0,0.0,-90.0,90.0,90.0,90.0,0.0,0.0,0.0,0.0,0.0,0.0,0.0,0.0,0.0,0.0,0.0,0.0,0.0,,,,,0.0,BULL_FVG:84.0,0.0,0.0,35.17,-100.0,0.0,0.0,0.0,0.0,0.0,0.0,0.0,0.0,0.0,0.0,26.15,0.0,0.0,0.0,0.0,0.0,0.0,0.0,0.0,0.0,0.0,0.0,0.0,0.0,,,,,0.0,,17.29,0.0,0.0,100.0,86.61,0.0,0.0,4.66,0.0,0.0,0.0,0.0,0.86,14.0,0.0,49.03,34.61,50.0,100.0,48.71,22.38,21.6,MULTI_STRATEGY,12.0,,-86.54,0.0,0.0,0.0,0.0,0.0,0.0,0.0,0.0,0.0,0.0,0.0,0.0,0.0,0.0,0.0,0.0,0.0,0.0,0.0,-48.84,7.56,BALANCED_EXIT_STRATEGY,4.0,,true,16.45,16.06,false,50.0
08/11/2022,18:31:00,SYM,16.3,1000.0,1000.0,0.0,0,18.24,-78.84,0.0,90.0,-24.28,90.0,-90.0,-90.0,-90.0,90.0,90.0,0.0,0.0,-90.0,90.0,90.0,90.0,0.0,0.0,0.0,0.0,0.0,0.0,0.0,0.0,0.0,0.0,0.0,0.0,0.0,,,,,0.0,BULL_FVG:84.0,0.0,0.0,29.06,-100.0,0.0,0.0,0.0,0.0,0.0,0.0,0.0,0.0,0.0,0.0,25.96,0.0,0.0,0.0,0.0,0.0,0.0,0.0,0.0,0.0,0.0,0.0,0.0,0.0,,,,,0.0,,17.55,0.0,0.0,100.0,86.58,0.0,0.0,4.66,0.0,0.0,0.0,0.0,0.0,14.0,0.0,47.84,12.98,30.0,100.0,-50.6,18.24,21.6,MULTI_STRATEGY,12.0,,-88.87,0.0,0.0,0.0,0.0,0.0,0.0,0.0,0.0,0.0,0.0,0.0,0.0,0.0,0.0,0.0,0.0,0.0,0.0,0.0,-78.84,7.56,BALANCED_EXIT_STRATEGY,4.0,,true,16.45,16.06,false,30.0
08/11/2022,18:32:30,SYM,16.3,1000.0,1000.0,0.0,0,17.54,-78.84,0.0,90.0,-24.28,90.0,-90.0,-90.0,-90.0,90.0,90.0,0.0,0.0,-90.0,90.0,90.0,90.0,0.0,0.0,0.0,0.0,0.0,0.0,0.0,0.0,0.0,0.0,0.0,0.0,0.0,,,,,0.0,BULL_FVG:84.0,0.0,0.0,29.06,-100.0,0.0,0.0,0.0,0.0,0.0,0.0,0.0,0.0,0.0,0.0,25.96,0.0,0.0,0.0,0.0,0.0,0.0,0.0,0.0,0.0,0.0,0.0,0.0,0.0,,,,,0.0,,17.55,0.0,0.0,100.0,86.58,0.0,0.0,4.66,0.0,0.0,0.0,0.0,0.0,14.0,0.0,47.79,0.0,30.0,100.0,-50.6,17.54,21.6,MULTI_STRATEGY,12.0,,-88.87,0.0,0.0,0.0,0.0,0.0,0.0,0.0,0.0,0.0,0.0,0.0,0.0,0.0,0.0,0.0,0.0,0.0,0.0,0.0,-78.84,7.56,BALANCED_EXIT_STRATEGY,4.0,,true,16.45,16.06,false,30.0
08/11/2022,18:35:30,SYM,16.3,1000.0,1000.0,0.0,0,17.28,-78.84,0.0,90.0,-24.28,90.0,-90.0,-90.0,-90.0,90.0,90.0,0.0,0.0,-90.0,90.0,90.0,90.0,0.0,0.0,0.0,0.0,0.0,0.0,0.0,0.0,0.0,0.0,0.0,0.0,0.0,,,,,0.0,BULL_FVG:84.0,0.0,0.0,29.06,-100.0,0.0,0.0,0.0,0.0,0.0,0.0,0.0,0.0,0.0,0.0,25.96,0.0,0.0,0.0,0.0,0.0,0.0,0.0,0.0,0.0,0.0,0.0,0.0,0.0,,,,,0.0,,17.55,0.0,0.0,100.0,86.58,0.0,0.0,0.0,0.0,0.0,0.0,0.0,0.0,14.0,0.0,47.77,0.0,30.0,100.0,-50.6,17.28,21.6,MULTI_STRATEGY,12.0,,-88.87,0.0,0.0,0.0,0.0,0.0,0.0,0.0,0.0,0.0,0.0,0.0,0.0,0.0,0.0,0.0,0.0,0.0,0.0,0.0,-78.84,7.56,BALANCED_EXIT_STRATEGY,4.0,,true,16.45,16.06,false,30.0
08/11/2022,18:39:30,SYM,16.35,1000.0,1000.0,0.0,0,21.9,-78.84,0.0,90.0,-32.9,90.0,-90.0,-90.0,-90.0,90.0,90.0,0.0,0.0,-90.0,90.0,90.0,90.0,0.0,0.0,0.0,0.0,0.0,0.0,0.0,0.0,0.0,0.0,0.0,0.0,0.0,,,,,0.0,BULL_FVG:84.0,0.0,0.0,43.28,-100.0,0.0,0.0,0.0,0.0,0.0,0.0,0.0,0.0,0.0,0.0,26.44,0.0,0.0,0.0,0.0,0.0,0.0,0.0,0.0,0.0,0.0,0.0,0.0,0.0,,,,,0.0,,16.94,0.0,100.0,100.0,86.67,0.0,0.0,0.0,-100.0,0.0,0.0,0.0,0.02,14.0,0.0,50.41,40.0,50.0,92.37,42.43,21.9,21.6,MULTI_STRATEGY,12.0,,-83.41,0.0,0.0,0.0,0.0,0.0,0.0,0.0,0.0,0.0,0.0,0.0,0.0,0.0,0.0,0.0,0.0,0.0,0.0,0.0,-78.84,7.56,BALANCED_EXIT_STRATEGY,4.0,,true,16.45,16.06,false,50.0
08/11/2022,18:40:30,SYM,16.3,1000.0,1000.0,0.0,0,19.64,-78.84,0.0,90.0,-8.91,90.0,-90.0,-90.0,-90.0,90.0,90.0,0.0,0.0,-90.0,90.0,90.0,90.0,36.0,0.0,0.0,0.0,0.0,0.0,0.0,0.0,0.0,0.0,0.0,0.0,0.0,,,,,0.0,BULL_FVG:84.0,0.0,0.0,0.0,-100.0,0.0,0.0,0.0,0.0,0.0,0.0,0.0,0.0,0.0,0.0,26.16,0.0,0.0,0.0,0.0,0.0,0.0,0.0,0.0,0.0,0.0,0.0,0.0,0.0,,,,,0.0,,21.22,0.0,0.0,100.0,86.58,0.0,0.0,0.0,0.0,0.0,0.0,0.0,10.2,14.0,0.0,47.68,29.18,30.0,100.0,-50.51,19.64,21.6,MULTI_STRATEGY,12.0,,-98.84,0.0,0.0,0.0,0.0,0.0,0.0,0.0,0.0,0.0,0.0,0.0,0.0,0.0,0.0,0.0,0.0,0.0,0.0,0.0,-78.84,7.56,BALANCED_EXIT_STRATEGY,4.0,,true,16.45,16.06,false,30.0
08/11/2022,18:43:30,SYM,16.27,1000.0,1000.0,0.0,0,14.9,-88.84,0.0,-90.0,-5.15,-90.0,-90.0,-90.0,-90.0,90.0,90.0,0.0,0.0,-90.0,0.0,90.0,90.0,36.0,0.0,0.0,0.0,0.0,0.0,0.0,0.0,0.0,0.0,0.0,0.0,0.0,,,,,0.0,BULL_FVG:84.0,0.0,0.0,0.0,-100.0,0.0,0.0,0.0,0.0,0.0,0.0,0.0,0.0,0.0,0.0,25.87,0.0,0.0,0.0,0.0,0.0,0.0,0.0,0.0,0.0,0.0,0.0,0.0,0.0,,,,,0.0,,-10.65,0.0,0.0,100.0,86.52,0.0,0.0,0.0,-100.0,0.0,0.0,0.0,0.0,14.0,0.0,46.04,37.42,80.0,100.0,-41.32,14.9,21.6,MULTI_STRATEGY,12.0,,-99.13,0.0,0.0,0.0,0.0,0.0,0.0,0.0,0.0,0.0,0.0,0.0,0.0,0.0,0.0,0.0,0.0,0.0,0.0,0.0,-88.84,7.56,BALANCED_EXIT_STRATEGY,4.0,,true,16.45,16.06,true,80.0
08/11/2022,18:44:30,SYM,16.35,1000.0,1000.0,0.0,0,21.75,-88.84,0.0,90.0,-32.9,90.0,-90.0,-90.0,-90.0,90.0,90.0,0.0,0.0,-90.0,90.0,90.0,90.0,36.0,0.0,0.0,0.0,0.0,0.0,0.0,0.0,0.0,0.0,0.0,0.0,0.0,,,,,0.0,BULL_FVG:84.0,0.0,0.0,39.35,-100.0,0.0,0.0,0.0,0.0,0.0,0.0,0.0,0.0,0.0,0.0,26.64,0.0,0.0,0.0,0.0,0.0,0.0,0.0,0.0,0.0,0.0,0.0,0.0,0.0,,,,,0.0,,19.51,0.0,100.0,100.0,86.67,0.0,0.0,0.0,-100.0,0.0,0.0,0.0,0.0,14.0,0.0,50.3,37.4,50.0,92.37,33.07,21.75,21.6,MULTI_STRATEGY,12.0,,-84.59,0.0,0.0,0.0,0.0,0.0,0.0,0.0,0.0,0.0,0.0,0.0,0.0,0.0,0.0,0.0,0.0,0.0,0.0,0.0,-88.84,7.56,BALANCED_EXIT_STRATEGY,4.0,,true,16.45,16.06,false,50.0
08/11/2022,18:48:00,SYM,16.35,1000.0,1000.0,0.0,0,21.89,-88.84,0.0,90.0,-32.9,90.0,-90.0,-90.0,-90.0,90.0,90.0,0.0,0.0,-89.6,90.0,90.0,90.0,36.0,0.0,0.0,0.0,0.0,0.0,0.0,0.0,0.0,0.0,0.0,0.0,0.0,,,,,0.0,BULL_FVG:84.0,0.0,0.0,39.35,-100.0,0.0,0.0,0.0,0.0,0.0,0.0,0.0,0.0,0.0,0.0,26.64,0.0,0.0,0.0,0.0,0.0,0.0,0.0,0.0,0.0,0.0,0.0,0.0,0.0,,,,,0.0,,19.54,0.0,100.0,100.0,86.67,0.0,0.0,0.0,-100.0,0.0,0.0,0.0,0.0,14.0,0.0,50.28,39.99,50.0,92.37,33.07,21.89,21.6,MULTI_STRATEGY,12.0,,-84.59,0.0,0.0,0.0,0.0,0.0,0.0,0.0,0.0,0.0,0.0,0.0,0.0,0.0,0.0,0.0,0.0,0.0,0.0,0.0,-88.84,7.56,BALANCED_EXIT_STRATEGY,4.0,,true,16.45,16.06,false,50.0
08/11/2022,18:49:30,SYM,16.3,1000.0,1000.0,0.0,0,14.15,-88.84,0.0,90.0,-8.91,90.0,-90.0,-90.0,-90.0,90.0,90.0,0.0,0.0,-35.2,90.0,90.0,90.0,36.0,0.0,0.0,0.0,0.0,0.0,0.0,0.0,0.0,0.0,0.0,0.0,0.0,,,,,0.0,BULL_FVG:84.0,0.0,0.0,0.0,-100.0,0.0,0.0,0.0,0.0,0.0,0.0,0.0,0.0,0.0,0.0,26.16,0.0,0.0,0.0,0.0,0.0,0.0,0.0,0.0,0.0,0.0,0.0,0.0,0.0,,,,,0.0,,25.14,0.0,0.0,100.0,86.58,0.0,0.0,0.0,-100.0,0.0,0.0,0.0,10.2,14.0,0.0,47.55,23.13,30.0,100.0,-50.51,14.15,21.6,MULTI_STRATEGY,12.0,,-98.84,0.0,0.0,0.0,0.0,0.0,0.0,0.0,0.0,0.0,0.0,0.0,0.0,0.0,0.0,0.0,0.0,0.0,0.0,0.0,-88.84,7.56,BALANCED_EXIT_STRATEGY,4.0,,true,16.45,16.06,false,30.0
08/11/2022,18:50:30,SYM,16.28,1000.0,1000.0,0.0,0,19.77,-88.84,0.0,-90.0,-6.04,-90.0,-90.0,-90.0,-90.0,90.0,90.0,0.0,0.0,-29.1,0.0,90.0,90.0,36.0,0.0,0.0,0.0,0.0,0.0,0.0,0.0,0.0,0.0,0.0,0.0,0.0,,,,,0.0,BULL_FVG:84.0,0.0,0.0,0.0,-100.0,0.0,0.0,0.0,0.0,0.0,0.0,0.0,0.0,0.0,0.0,25.63,0.0,0.0,0.0,0.0,0.0,0.0,0.0,0.0,0.0,0.0,0.0,0.0,0.0,,,,,0.0,,-6.37,0.0,0.0,100.0,86.54,0.0,0.0,0.0,0.0,0.0,0.0,0.0,10.66,14.0,0.0,46.45,12.3,80.0,100.0,-43.92,19.77,21.6,MULTI_STRATEGY,12.0,,-99.37,0.0,0.0,0.0,0.0,0.0,0.0,0.0,0.0,0.0,0.0,0.0,0.0,0.0,0.0,0.0,0.0,0.0,0.0,0.0,-88.84,7.56,BALANCED_EXIT_STRATEGY,4.0,,true,16.45,16.06,true,80.0
08/11/2022,18:56:30,SYM,16.3,1000.0,1000.0,0.0,0,17.46,-88.84,0.0,90.0,-8.91,-90.0,0.0,-90.0,-90.0,90.0,90.0,0.0,0.0,-27.21,90.0,90.0,90.0,36.0,0.0,0.0,0.0,0.0,0.0,0.0,0.0,0.0,0.0,0.0,0.0,0.0,,,,,0.0,BULL_FVG:84.0,0.0,0.0,0.0,-100.0,0.0,0.0,0.0,0.0,0.0,0.0,0.0,0.0,0.0,0.0,25.83,0.0,0.0,0.0,0.0,0.0,0.0,0.0,0.0,0.0,0.0,0.0,0.0,0.0,,,,,0.0,,19.28,0.0,0.0,100.0,86.58,0.0,0.0,0.0,0.0,0.0,0.0,0.0,0.0,14.0,0.0,47.52,1.48,30.0,100.0,-50.52,17.46,21.6,MULTI_STRATEGY,12.0,,-99.17,0.0,0.0,0.0,0.0,0.0,0.0,0.0,0.0,0.0,0.0,0.0,0.0,0.0,0.0,0.0,0.0,0.0,0.0,0.0,-88.84,7.56,BALANCED_EXIT_STRATEGY,4.0,,true,16.45,16.06,false,30.0
08/11/2022,18:58:01,SYM,16.31,1000.0,1000.0,0.0,0,19.78,-88.84,0.0,90.0,-9.93,-90.0,0.0,-90.0,-90.0,90.0,90.0,0.0,0.0,-27.92,90.0,90.0,90.0,36.0,0.0,0.0,0.0,0.0,0.0,0.0,0.0,0.0,0.0,0.0,0.0,0.0,,,,,0.0,BULL_FVG:84.0,0.0,0.0,0.0,-100.0,0.0,0.0,0.0,0.0,0.0,0.0,0.0,0.0,0.0,0.0,25.92,0.0,0.0,0.0,0.0,0.0,0.0,0.0,0.0,0.0,0.0,0.0,0.0,0.0,,,,,0.0,,19.15,0.0,0.0,100.0,86.6,0.0,0.0,0.0,0.0,0.0,0.0,0.0,10.19,14.0,0.0,48.04,0.0,30.0,100.0,50.89,19.78,21.6,MULTI_STRATEGY,12.0,,-99.08,0.0,0.0,0.0,0.0,0.0,0.0,0.0,0.0,0.0,0.0,0.0,0.0,0.0,0.0,0.0,0.0,0.0,0.0,0.0,-88.84,7.56,BALANCED_EXIT_STRATEGY,4.0,,true,16.45,16.06,false,30.0
08/11/2022,18:59:30,SYM,16.3,1000.0,1000.0,0.0,0,17.39,-88.84,0.0,90.0,-8.91,-90.0,0.0,-90.0,-90.0,90.0,90.0,0.0,0.0,-24.07,90.0,90.0,90.0,36.0,0.0,0.0,0.0,0.0,0.0,0.0,0.0,0.0,0.0,0.0,0.0,0.0,,,,,0.0,BULL_FVG:84.0,0.0,0.0,0.0,-100.0,0.0,0.0,0.0,0.0,0.0,0.0,0.0,0.0,0.0,0.0,25.83,0.0,0.0,0.0,0.0,0.0,0.0,0.0,0.0,0.0,0.0,0.0,0.0,0.0,,,,,0.0,,19.5,0.0,0.0,100.0,86.58,0.0,0.0,0.0,0.0,0.0,0.0,0.0,0.0,14.0,0.0,47.46,0.0,30.0,100.0,-50.52,17.39,21.6,MULTI_STRATEGY,12.0,,-99.17,0.0,0.0,0.0,0.0,0.0,0.0,0.0,0.0,0.0,0.0,0.0,0.0,0.0,0.0,0.0,0.0,0.0,0.0,0.0,-88.84,7.56,BALANCED_EXIT_STRATEGY,4.0,,true,16.45,16.06,false,30.0
08/11/2022,19:04:30,SYM,16.31,1000.0,1000.0,0.0,0,19.49,-88.84,0.0,90.0,-20.11,-90.0,0.0,-90.0,-90.0,90.0,90.0,0.0,0.0,25.29,90.0,90.0,90.0,0.0,0.0,0.0,0.0,0.0,0.0,0.0,0.0,0.0,0.0,0.0,0.0,0.0,,,,,0.0,BULL_FVG:84.0,0.0,0.0,20.16,-100.0,0.0,0.0,0.0,0.0,0.0,0.0,0.0,0.0,0.0,0.0,25.58,0.0,0.0,0.0,0.0,0.0,0.0,0.0,0.0,0.0,0.0,0.0,0.0,0.0,,,,,0.0,,19.66,0.0,0.0,100.0,93.0,0.0,0.0,0.0,0.0,0.0,0.0,0.0,0.0,14.0,0.0,47.99,0.0,30.0,100.0,50.87,19.49,21.6,MULTI_STRATEGY,12.0,,-92.37,0.0,0.0,0.0,0.0,0.0,0.0,0.0,0.0,0.0,0.0,0.0,0.0,0.0,0.0,0.0,0.0,0.0,0.0,0.0,-88.84,7.56,BALANCED_EXIT_STRATEGY,4.0,,true,16.45,16.06,false,30.0
08/11/2022,19:07:00,SYM,16.31,1000.0,1000.0,0.0,0,19.47,-88.84,0.0,90.0,-20.11,-90.0,0.0,-90.0,-90.0,90.0,90.0,0.0,0.0,22.4,90.0,90.0,90.0,0.0,0.0,0.0,0.0,0.0,0.0,0.0,0.0,0.0,0.0,0.0,0.0,0.0,,,,,0.0,BULL_FVG:84.0,0.0,0.0,20.16,-100.0,0.0,0.0,0.0,0.0,0.0,0.0,0.0,0.0,0.0,0.0,25.58,0.0,0.0,0.0,0.0,0.0,0.0,0.0,0.0,0.0,0.0,0.0,0.0,0.0,,,,,0.0,,19.45,0.0,0.0,100.0,93.0,0.0,0.0,0.0,0.0,0.0,0.0,0.0,0.0,14.0,0.0,47.97,0.0,30.0,100.0,50.87,19.47,21.6,MULTI_STRATEGY,12.0,,-92.37,0.0,0.0,0.0,0.0,0.0,0.0,0.0,0.0,0.0,0.0,0.0,0.0,0.0,0.0,0.0,0.0,0.0,0.0,0.0,-88.84,7.56,BALANCED_EXIT_STRATEGY,4.0,,true,16.45,16.06,false,30.0
08/11/2022,19:08:01,SYM,16.31,1000.0,1000.0,0.0,0,22.12,-78.84,0.0,90.0,-20.11,-90.0,0.0,-90.0,-90.0,90.0,90.0,0.0,0.0,9.09,90.0,90.0,90.0,0.0,0.0,0.0,0.0,0.0,0.0,0.0,0.0,0.0,0.0,0.0,0.0,0.0,,,,,0.0,BULL_FVG:84.0,0.0,0.0,20.16,-100.0,0.0,0.0,0.0,0.0,0.0,0.0,0.0,0.0,0.0,0.0,25.58,0.0,0.0,0.0,0.0,0.0,0.0,0.0,0.0,0.0,0.0,0.0,0.0,0.0,,,,,0.0,,18.5,72.92,0.0,100.0,93.0,0.0,0.0,0.0,-100.0,0.0,0.0,0.0,0.0,14.0,0.0,47.89,52.94,30.0,100.0,50.87,22.12,21.6,MULTI_STRATEGY,12.0,,-92.37,0.0,0.0,0.0,0.0,0.0,0.0,0.0,0.0,0.0,0.0,0.0,0.0,0.0,0.0,0.0,0.0,0.0,0.0,0.0,-78.84,7.56,BALANCED_EXIT_STRATEGY,4.0,,true,16.45,16.06,false,30.0
08/11/2022,19:11:30,SYM,16.31,1000.0,1000.0,0.0,0,21.72,-78.84,0.0,90.0,-20.11,-90.0,0.0,-90.0,-90.0,90.0,90.0,0.0,0.0,24.06,90.0,90.0,90.0,36.0,0.0,0.0,0.0,0.0,0.0,0.0,0.0,0.0,0.0,0.0,0.0,0.0,,,,,0.0,BULL_FVG:84.0,0.0,0.0,20.16,-100.0,0.0,0.0,0.0,0.0,0.0,0.0,0.0,0.0,0.0,0.0,25.3,0.0,0.0,0.0,0.0,0.0,0.0,0.0,0.0,0.0,0.0,0.0,0.0,0.0,,,,,0.0,,22.14,68.75,10.48,100.0,93.0,0.0,0.0,0.0,-100.0,0.0,0.0,0.0,8.23,14.0,0.0,47.85,31.83,30.0,100.0,39.58,21.72,21.6,MULTI_STRATEGY,12.0,,-92.65,0.0,0.0,0.0,0.0,0.0,0.0,0.0,0.0,0.0,0.0,0.0,0.0,0.0,0.0,0.0,0.0,0.0,0.0,0.0,-78.84,7.56,BALANCED_EXIT_STRATEGY,4.0,,true,16.45,16.06,false,30.0
08/11/2022,19:14:30,SYM,16.31,1000.0,1000.0,0.0,0,17.55,-78.84,0.0,90.0,-20.11,-90.0,0.0,-90.0,-90.0,90.0,90.0,0.0,0.0,25.63,90.0,90.0,90.0,36.0,0.0,0.0,0.0,0.0,0.0,0.0,0.0,0.0,0.0,0.0,0.0,0.0,,,,,0.0,N/A,0.0,0.0,20.16,-100.0,0.0,0.0,0.0,0.0,0.0,0.0,0.0,0.0,0.0,0.0,25.3,0.0,0.0,0.0,0.0,0.0,0.0,0.0,0.0,0.0,0.0,0.0,0.0,0.0,,,,,0.0,,22.25,68.75,10.52,0.0,93.0,0.0,0.0,0.0,-100.0,0.0,0.0,0.0,8.23,14.0,0.0,47.83,21.28,30.0,100.0,39.58,17.55,21.6,MULTI_STRATEGY,12.0,,-92.65,0.0,0.0,0.0,0.0,0.0,0.0,0.0,0.0,0.0,0.0,0.0,0.0,0.0,0.0,0.0,0.0,0.0,0.0,0.0,-78.84,7.56,BALANCED_EXIT_STRATEGY,4.0,,true,16.45,16.06,false,30.0
08/11/2022,19:16:30,SYM,16.31,1000.0,1000.0,0.0,0,16.99,-78.84,0.0,90.0,-20.11,-90.0,0.0,-90.0,-90.0,90.0,90.0,0.0,0.0,27.12,90.0,90.0,90.0,36.0,0.0,0.0,0.0,0.0,0.0,0.0,0.0,0.0,0.0,0.0,0.0,0.0,,,,,0.0,N/A,0.0,0.0,20.16,-100.0,0.0,0.0,0.0,0.0,0.0,0.0,0.0,0.0,0.0,0.0,25.3,0.0,0.0,0.0,0.0,0.0,0.0,0.0,0.0,0.0,0.0,0.0,0.0,0.0,,,,,0.0,,22.36,68.75,10.52,0.0,93.0,0.0,0.0,0.0,-100.0,0.0,0.0,0.0,8.23,14.0,0.0,47.81,10.72,30.0,100.0,39.58,16.99,21.6,MULTI_STRATEGY,12.0,,-92.65,0.0,0.0,0.0,0.0,0.0,0.0,0.0,0.0,0.0,0.0,0.0,0.0,0.0,0.0,0.0,0.0,0.0,0.0,0.0,-78.84,7.56,BALANCED_EXIT_STRATEGY,4.0,,true,16.45,16.06,false,30.0
08/11/2022,19:17:30,SYM,16.35,1000.0,1000.0,0.0,0,22.33,-68.84,0.0,90.0,-29.03,-90.0,0.0,-90.0,-90.0,90.0,90.0,0.0,0.0,6.09,90.0,90.0,90.0,90.0,0.0,0.0,0.0,0.0,0.0,0.0,0.0,0.0,0.0,0.0,0.0,0.0,,,,,0.0,N/A,0.0,0.0,42.43,0.0,0.0,0.0,0.0,0.0,0.0,0.0,0.0,0.0,0.0,0.0,25.68,0.0,0.0,0.0,0.0,0.0,0.0,0.0,0.0,0.0,0.0,0.0,0.0,0.0,,,,,0.0,,24.08,68.75,100.0,0.0,93.11,0.0,0.0,0.0,-100.0,0.0,0.0,0.0,10.71,14.0,0.0,49.93,0.18,50.0,92.37,42.5,22.33,21.6,MULTI_STRATEGY,12.0,,40.54,0.0,0.0,0.0,0.0,0.0,0.0,0.0,0.0,0.0,0.0,0.0,0.0,0.0,0.0,0.0,0.0,0.0,0.0,0.0,-68.84,7.56,BALANCED_EXIT_STRATEGY,4.0,,true,16.45,16.06,false,50.0
08/11/2022,19:22:30,SYM,16.28,1000.0,1000.0,0.0,0,16.6,-68.84,0.0,-90.0,-2.89,-90.0,0.0,-90.0,-90.0,90.0,90.0,0.0,0.0,3.56,0.0,90.0,90.0,90.0,0.0,0.0,0.0,0.0,0.0,0.0,0.0,0.0,0.0,0.0,0.0,0.0,,,,,0.0,N/A,0.0,0.0,0.0,-100.0,0.0,0.0,0.0,0.0,0.0,0.0,0.0,0.0,0.0,0.0,24.99,0.0,0.0,0.0,0.0,0.0,0.0,0.0,0.0,0.0,0.0,0.0,0.0,0.0,,,,,0.0,,6.48,0.0,0.0,0.0,92.93,0.0,0.0,0.0,0.0,0.0,0.0,0.0,0.0,14.0,0.0,46.13,10.79,80.0,100.0,-40.03,16.6,21.6,MULTI_STRATEGY,12.0,,-100.0,0.0,0.0,0.0,0.0,0.0,0.0,0.0,0.0,0.0,0.0,0.0,0.0,0.0,0.0,0.0,0.0,0.0,0.0,0.0,-68.84,7.56,BALANCED_EXIT_STRATEGY,4.0,,true,16.45,16.06,true,80.0
08/11/2022,19:26:30,SYM,16.31,1000.0,1000.0,0.0,0,16.42,-68.84,0.0,-90.0,-7.32,-90.0,0.0,-90.0,-90.0,90.0,90.0,0.0,0.0,4.23,0.0,90.0,90.0,36.0,0.0,0.0,0.0,0.0,0.0,0.0,0.0,0.0,0.0,0.0,0.0,0.0,,,,,0.0,N/A,0.0,0.0,0.0,-100.0,0.0,0.0,0.0,0.0,0.0,0.0,0.0,0.0,0.0,0.0,25.28,0.0,0.0,0.0,0.0,0.0,0.0,0.0,0.0,0.0,0.0,0.0,0.0,0.0,,,,,0.0,,2.35,0.0,0.0,0.0,93.0,0.0,0.0,0.0,0.0,0.0,0.0,0.0,12.69,14.0,0.0,47.73,21.02,30.0,100.0,40.73,16.42,21.6,MULTI_STRATEGY,12.0,,-99.72,0.0,0.0,0.0,0.0,0.0,0.0,0.0,0.0,0.0,0.0,0.0,0.0,0.0,0.0,0.0,0.0,0.0,0.0,0.0,-68.84,7.56,BALANCED_EXIT_STRATEGY,4.0,,true,16.45,16.06,false,30.0
08/11/2022,19:27:30,SYM,16.31,1000.0,1000.0,0.0,0,16.42,-68.84,0.0,-90.0,-7.32,-90.0,0.0,-90.0,-90.0,90.0,90.0,0.0,0.0,5.18,0.0,90.0,90.0,36.0,0.0,0.0,0.0,0.0,0.0,0.0,0.0,0.0,0.0,0.0,0.0,0.0,,,,,0.0,N/A,0.0,0.0,0.0,-100.0,0.0,0.0,0.0,0.0,0.0,0.0,0.0,0.0,0.0,0.0,25.28,0.0,0.0,0.0,0.0,0.0,0.0,0.0,0.0,0.0,0.0,0.0,0.0,0.0,,,,,0.0,,2.42,0.0,0.0,0.0,93.0,0.0,0.0,0.0,0.0,0.0,0.0,0.0,12.69,14.0,0.0,47.72,20.87,30.0,100.0,40.73,16.42,21.6,MULTI_STRATEGY,12.0,,-99.72,0.0,0.0,0.0,0.0,0.0,0.0,0.0,0.0,0.0,0.0,0.0,0.0,0.0,0.0,0.0,0.0,0.0,0.0,0.0,-68.84,7.56,BALANCED_EXIT_STRATEGY,4.0,,true,16.45,16.06,false,30.0
08/11/2022,19:28:30,SYM,16.3,1000.0,1000.0,0.0,0,9.69,-78.84,0.0,-90.0,-5.76,-90.0,0.0,-90.0,-90.0,90.0,90.0,0.0,0.0,8.69,0.0,90.0,90.0,36.0,0.0,0.0,0.0,0.0,0.0,0.0,0.0,0.0,0.0,0.0,0.0,0.0,,,,,0.0,N/A,0.0,0.0,0.0,-100.0,0.0,0.0,0.0,0.0,0.0,0.0,0.0,0.0,0.0,0.0,25.18,0.0,0.0,0.0,0.0,0.0,0.0,0.0,0.0,0.0,0.0,0.0,0.0,0.0,,,,,0.0,,2.78,0.0,0.0,0.0,92.98,0.0,0.0,0.0,-100.0,0.0,0.0,0.0,13.12,14.0,0.0,47.15,25.74,30.0,100.0,-47.64,9.69,21.6,MULTI_STRATEGY,12.0,,-99.82,0.0,0.0,0.0,0.0,0.0,0.0,0.0,0.0,0.0,0.0,0.0,0.0,0.0,0.0,0.0,0.0,0.0,0.0,0.0,-78.84,7.56,BALANCED_EXIT_STRATEGY,4.0,,true,16.45,16.06,false,30.0
08/11/2022,19:29:30,SYM,16.3,1000.0,1000.0,0.0,0,9.75,-88.84,0.0,-90.0,-5.76,-90.0,0.0,-90.0,-90.0,90.0,90.0,0.0,0.0,21.42,0.0,90.0,90.0,36.0,0.0,0.0,0.0,0.0,0.0,0.0,0.0,0.0,0.0,0.0,0.0,0.0,,,,,0.0,N/A,0.0,0.0,0.0,-100.0,0.0,0.0,0.0,0.0,0.0,0.0,0.0,0.0,0.0,0.0,25.18,0.0,0.0,0.0,0.0,0.0,0.0,0.0,0.0,0.0,0.0,0.0,0.0,0.0,,,,,0.0,,3.69,0.0,0.0,0.0,92.98,0.0,0.0,0.0,-100.0,0.0,0.0,0.0,13.12,14.0,0.0,47.12,25.74,30.0,100.0,-47.64,9.75,21.6,MULTI_STRATEGY,12.0,,-99.82,0.0,0.0,0.0,0.0,0.0,0.0,0.0,0.0,0.0,0.0,0.0,0.0,0.0,0.0,0.0,0.0,0.0,0.0,0.0,-88.84,7.56,BALANCED_EXIT_STRATEGY,4.0,,true,16.45,16.06,false,30.0
08/11/2022,19:38:30,SYM,16.3,1000.0,1000.0,0.0,0,8.95,-88.84,0.0,-90.0,-5.76,-90.0,-90.0,-90.0,-90.0,90.0,90.0,0.0,0.0,-1.19,0.0,90.0,90.0,36.0,0.0,0.0,0.0,0.0,0.0,0.0,0.0,0.0,0.0,0.0,0.0,0.0,,,,,0.0,N/A,0.0,0.0,0.0,-100.0,0.0,0.0,0.0,0.0,0.0,0.0,0.0,0.0,0.0,0.0,24.71,0.0,0.0,0.0,0.0,0.0,0.0,0.0,0.0,0.0,0.0,0.0,0.0,0.0,,,,,0.0,,-4.35,0.0,0.0,0.0,96.24,0.0,0.0,0.0,-100.0,3.86,0.0,0.0,10.7,14.0,0.0,47.11,15.13,30.0,100.0,-46.63,8.95,21.6,MULTI_STRATEGY,12.0,,-100.0,0.0,0.0,0.0,0.0,0.0,0.0,0.0,0.0,0.0,0.0,0.0,0.0,0.0,0.0,0.0,0.0,0.0,0.0,0.0,-88.84,7.56,BALANCED_EXIT_STRATEGY,4.0,,true,16.45,16.06,false,30.0
08/11/2022,19:40:30,SYM,16.3,1000.0,1000.0,0.0,0,8.98,-88.84,0.0,-90.0,-5.76,-90.0,0.0,-90.0,-90.0,90.0,90.0,0.0,0.0,23.93,0.0,90.0,90.0,90.0,0.0,0.0,0.0,0.0,0.0,0.0,0.0,0.0,0.0,0.0,0.0,0.0,,,,,0.0,N/A,0.0,0.0,0.0,-100.0,0.0,0.0,0.0,0.0,0.0,0.0,0.0,0.0,0.0,0.0,24.29,0.0,0.0,0.0,0.0,0.0,0.0,0.0,0.0,0.0,0.0,0.0,0.0,0.0,,,,,0.0,,7.73,0.0,0.0,0.0,96.24,0.0,0.0,0.0,-100.0,3.83,0.0,0.0,7.5,14.0,0.0,47.09,4.53,30.0,100.0,-45.65,8.98,21.6,MULTI_STRATEGY,12.0,,-100.0,0.0,0.0,0.0,0.0,0.0,0.0,0.0,0.0,0.0,0.0,0.0,0.0,0.0,0.0,0.0,0.0,0.0,0.0,0.0,-88.84,7.56,BALANCED_EXIT_STRATEGY,4.0,,true,16.45,16.06,false,30.0
08/11/2022,19:42:30,SYM,16.22,1000.0,1000.0,0.0,0,11.49,-88.84,0.0,-90.0,6.26,-90.0,0.0,90.0,-90.0,90.0,90.0,0.0,0.0,28.05,0.0,0.0,90.0,90.0,0.0,0.0,0.0,0.0,0.0,0.0,0.0,0.0,0.0,0.0,0.0,0.0,,,,,0.0,N/A,0.0,0.0,0.0,-100.0,0.0,0.0,0.0,0.0,0.0,0.0,0.0,0.0,0.0,0.0,28.2,0.0,0.0,0.0,0.0,0.0,0.0,0.0,0.0,0.0,0.0,0.0,0.0,0.0,,,,,0.0,,15.31,0.0,21.68,0.0,94.66,0.0,0.0,0.0,-100.0,0.0,0.0,0.0,28.71,0.0,0.0,0.0,-4.36,90.0,100.0,-13.24,11.49,21.6,MULTI_STRATEGY,12.0,,-96.8,0.0,0.0,0.0,0.0,0.0,0.0,0.0,0.0,0.0,0.0,0.0,0.0,0.0,0.0,0.0,0.0,0.0,0.0,0.0,-88.84,7.56,BALANCED_EXIT_STRATEGY,4.0,,true,16.45,16.06,true,90.0
08/11/2022,19:43:30,SYM,16.3,1000.0,1000.0,0.0,0,9.95,-88.84,0.0,-90.0,-5.76,-90.0,0.0,-90.0,-90.0,90.0,90.0,0.0,0.0,29.93,0.0,90.0,90.0,90.0,0.0,0.0,0.0,0.0,0.0,0.0,0.0,0.0,0.0,0.0,0.0,0.0,,,,,0.0,N/A,0.0,0.0,0.0,-100.0,0.0,0.0,0.0,0.0,0.0,0.0,0.0,0.0,0.0,0.0,24.29,0.0,0.0,0.0,0.0,0.0,0.0,0.0,0.0,0.0,0.0,0.0,0.0,0.0,,,,,0.0,,8.15,0.0,0.0,0.0,96.24,0.0,0.0,0.0,-100.0,4.36,0.0,0.0,28.71,14.0,0.0,47.08,0.0,30.0,100.0,-45.65,9.95,21.6,MULTI_STRATEGY,12.0,,-100.0,0.0,0.0,0.0,0.0,0.0,0.0,0.0,0.0,0.0,0.0,0.0,0.0,0.0,0.0,0.0,0.0,0.0,0.0,0.0,-88.84,7.56,BALANCED_EXIT_STRATEGY,4.0,,true,16.45,16.06,false,30.0
08/11/2022,19:45:00,SYM,16.22,1000.0,1000.0,0.0,0,11.43,-88.84,0.0,-90.0,6.26,-90.0,0.0,90.0,-90.0,90.0,90.0,0.0,0.0,39.6,0.0,0.0,90.0,90.0,0.0,0.0,0.0,0.0,0.0,0.0,0.0,0.0,0.0,0.0,0.0,0.0,,,,,0.0,N/A,0.0,0.0,0.0,-100.0,0.0,0.0,0.0,0.0,0.0,0.0,0.0,0.0,0.0,0.0,28.2,0.0,0.0,0.0,0.0,0.0,0.0,0.0,0.0,0.0,0.0,0.0,0.0,0.0,,,,,0.0,,16.13,0.0,21.72,0.0,94.66,0.0,0.0,0.0,-100.0,0.0,0.0,0.0,28.71,0.0,0.0,0.0,-6.44,90.0,100.0,-13.24,11.43,21.6,MULTI_STRATEGY,12.0,,-96.8,0.0,0.0,0.0,0.0,0.0,0.0,0.0,0.0,0.0,0.0,0.0,0.0,0.0,0.0,0.0,0.0,0.0,0.0,0.0,-88.84,7.56,BALANCED_EXIT_STRATEGY,4.0,,true,16.45,16.06,true,90.0
08/11/2022,19:48:30,SYM,16.3,1000.0,1000.0,0.0,0,10.01,-88.84,0.0,-90.0,-5.76,-90.0,0.0,-90.0,-90.0,90.0,90.0,0.0,0.0,43.66,0.0,90.0,90.0,90.0,0.0,0.0,0.0,0.0,0.0,0.0,0.0,0.0,0.0,0.0,0.0,0.0,,,,,0.0,N/A,0.0,0.0,0.0,-100.0,0.0,0.0,0.0,0.0,0.0,0.0,0.0,0.0,0.0,0.0,24.29,0.0,0.0,0.0,0.0,0.0,0.0,0.0,0.0,0.0,0.0,0.0,0.0,0.0,,,,,0.0,,9.14,0.0,0.0,0.0,96.24,0.0,0.0,0.0,-100.0,4.3,0.0,0.0,28.71,14.0,0.0,47.06,0.0,30.0,100.0,-45.65,10.01,21.6,MULTI_STRATEGY,12.0,,-100.0,0.0,0.0,0.0,0.0,0.0,0.0,0.0,0.0,0.0,0.0,0.0,0.0,0.0,0.0,0.0,0.0,0.0,0.0,0.0,-88.84,7.56,BALANCED_EXIT_STRATEGY,4.0,,true,16.45,16.06,false,30.0
08/11/2022,19:50:00,SYM,16.34,1000.0,1000.0,0.0,0,17.32,-78.84,0.0,90.0,-23.36,-90.0,0.0,-90.0,-90.0,90.0,90.0,0.0,0.0,9.84,90.0,90.0,90.0,0.0,0.0,0.0,0.0,0.0,0.0,0.0,0.0,0.0,0.0,0.0,0.0,0.0,,,,,0.0,N/A,0.0,0.0,31.69,0.0,0.0,0.0,0.0,0.0,0.0,0.0,0.0,0.0,0.0,0.0,24.29,0.0,0.0,0.0,0.0,0.0,0.0,0.0,0.0,0.0,0.0,0.0,0.0,0.0,,,,,0.0,,18.32,0.0,100.0,0.0,96.25,0.0,0.0,0.0,-100.0,0.0,0.0,0.0,6.79,14.0,0.0,49.21,0.0,50.0,100.0,44.65,17.32,21.6,MULTI_STRATEGY,12.0,,35.38,0.0,0.0,0.0,0.0,0.0,0.0,0.0,0.0,0.0,0.0,0.0,0.0,0.0,0.0,0.0,0.0,0.0,0.0,0.0,-78.84,7.56,BALANCED_EXIT_STRATEGY,4.0,,true,16.45,16.06,false,50.0
08/11/2022,19:53:30,SYM,16.3,1000.0,1000.0,0.0,0,7.57,-78.84,0.0,-90.0,-5.76,-90.0,0.0,-90.0,-90.0,90.0,90.0,0.0,0.0,7.67,0.0,90.0,90.0,36.0,0.0,0.0,0.0,0.0,0.0,0.0,0.0,0.0,0.0,0.0,0.0,0.0,,,,,0.0,N/A,0.0,0.0,0.0,-100.0,0.0,0.0,0.0,0.0,0.0,0.0,0.0,0.0,0.0,0.0,23.9,0.0,0.0,0.0,0.0,0.0,0.0,0.0,0.0,0.0,0.0,0.0,0.0,0.0,,,,,0.0,,2.71,0.0,-6.51,0.0,96.24,0.0,0.0,0.0,-100.0,0.0,0.0,0.0,3.08,14.0,0.0,47.01,0.0,30.0,100.0,-44.72,7.57,21.6,MULTI_STRATEGY,12.0,,-100.0,0.0,0.0,0.0,0.0,0.0,0.0,0.0,0.0,0.0,0.0,0.0,0.0,0.0,0.0,0.0,0.0,0.0,0.0,0.0,-78.84,7.56,BALANCED_EXIT_STRATEGY,4.0,,true,16.45,16.06,false,30.0
08/11/2022,19:54:59,SYM,16.3,1000.0,1000.0,0.0,0,7.49,-78.84,0.0,-90.0,-5.76,-90.0,0.0,-90.0,-90.0,90.0,90.0,0.0,0.0,1.71,0.0,90.0,90.0,36.0,0.0,0.0,0.0,0.0,0.0,0.0,0.0,0.0,0.0,0.0,0.0,0.0,,,,,0.0,N/A,0.0,0.0,0.0,-100.0,0.0,0.0,0.0,0.0,0.0,0.0,0.0,0.0,0.0,0.0,23.9,0.0,0.0,0.0,0.0,0.0,0.0,0.0,0.0,0.0,0.0,0.0,0.0,0.0,,,,,0.0,,2.28,0.0,-5.88,0.0,96.24,0.0,0.0,0.0,-100.0,0.0,0.0,0.0,3.08,14.0,0.0,46.96,0.0,30.0,100.0,-49.19,7.49,21.6,MULTI_STRATEGY,12.0,,-100.0,0.0,0.0,0.0,0.0,0.0,0.0,0.0,0.0,0.0,0.0,0.0,0.0,0.0,0.0,0.0,0.0,0.0,0.0,0.0,-78.84,7.56,BALANCED_EXIT_STRATEGY,4.0,,true,16.45,16.06,false,30.0
08/11/2022,20:00:01,SYM,16.3,1000.0,1000.0,0.0,0,14.4,-68.84,0.0,-90.0,-5.76,-90.0,0.0,-90.0,-90.0,90.0,90.0,0.0,0.0,-4.4,0.0,90.0,90.0,90.0,0.0,0.0,0.0,0.0,0.0,0.0,0.0,0.0,0.0,0.0,0.0,0.0,,,,,0.0,N/A,0.0,0.0,0.0,0.0,0.0,0.0,0.0,0.0,0.0,0.0,0.0,0.0,0.0,0.0,23.54,0.0,0.0,0.0,0.0,0.0,0.0,0.0,0.0,0.0,0.0,0.0,0.0,0.0,,,,,0.0,,5.7,0.0,18.51,0.0,97.24,0.0,0.0,0.0,0.0,0.0,0.0,0.0,0.0,14.0,0.0,46.95,0.0,30.0,100.0,-43.82,14.4,21.6,MULTI_STRATEGY,12.0,,23.54,0.0,0.0,0.0,0.0,0.0,0.0,0.0,0.0,0.0,0.0,0.0,0.0,0.0,0.0,0.0,0.0,0.0,0.0,0.0,-68.84,7.56,BALANCED_EXIT_STRATEGY,4.0,,true,16.45,16.06,false,30.0
08/11/2022,20:02:00,SYM,16.31,1000.0,1000.0,0.0,0,15.72,-48.84,0.0,-90.0,-7.6,-90.0,0.0,-90.0,-90.0,90.0,90.0,0.0,0.0,-1.41,0.0,90.0,90.0,90.0,0.0,0.0,0.0,0.0,0.0,0.0,0.0,0.0,0.0,0.0,0.0,0.0,,,,,0.0,N/A,0.0,0.0,0.0,0.0,0.0,0.0,0.0,0.0,0.0,0.0,0.0,0.0,0.0,0.0,23.64,0.0,0.0,0.0,0.0,0.0,0.0,0.0,0.0,0.0,0.0,0.0,0.0,0.0,,,,,0.0,,5.78,0.0,10.78,0.0,97.24,0.0,0.0,0.0,0.0,0.0,0.0,0.0,0.0,14.0,0.0,47.46,0.0,30.0,100.0,50.92,15.72,21.6,MULTI_STRATEGY,12.0,,23.64,0.0,0.0,0.0,0.0,0.0,0.0,0.0,0.0,0.0,0.0,0.0,0.0,0.0,0.0,0.0,0.0,0.0,0.0,0.0,-48.84,7.56,BALANCED_EXIT_STRATEGY,4.0,,true,16.45,16.06,false,30.0
08/11/2022,20:06:30,SYM,16.34,1000.0,1000.0,0.0,0,22.2,-28.84,0.0,90.0,-24.63,-90.0,0.0,-90.0,-90.0,90.0,90.0,0.0,0.0,-29.05,90.0,90.0,90.0,0.0,0.0,0.0,0.0,0.0,0.0,0.0,0.0,0.0,0.0,0.0,0.0,0.0,,,,,0.0,N/A,0.0,0.0,29.63,0.0,0.0,0.0,0.0,0.0,0.0,0.0,0.0,0.0,0.0,0.0,23.94,0.0,0.0,0.0,0.0,0.0,0.0,0.0,0.0,0.0,0.0,0.0,0.0,0.0,,,,,0.0,,15.45,0.0,100.0,0.0,97.25,0.0,0.0,0.0,0.0,0.0,0.0,0.0,0.0,14.0,0.0,49.03,0.0,50.0,100.0,44.64,22.2,21.6,MULTI_STRATEGY,12.0,,34.31,0.0,0.0,0.0,0.0,0.0,0.0,0.0,0.0,0.0,0.0,0.0,0.0,0.0,0.0,0.0,0.0,0.0,0.0,0.0,-28.84,7.56,BALANCED_EXIT_STRATEGY,4.0,,true,16.45,16.06,false,50.0
08/11/2022,20:07:30,SYM,16.3,1000.0,1000.0,0.0,0,13.08,-18.84,0.0,-90.0,-5.76,-90.0,0.0,-90.0,-90.0,90.0,90.0,0.0,0.0,4.51,0.0,90.0,90.0,90.0,0.0,0.0,0.0,0.0,0.0,0.0,0.0,0.0,0.0,0.0,0.0,0.0,,,,,0.0,N/A,0.0,0.0,0.0,0.0,0.0,0.0,0.0,0.0,0.0,0.0,0.0,0.0,0.0,0.0,23.54,0.0,0.0,0.0,0.0,0.0,0.0,0.0,0.0,0.0,0.0,0.0,0.0,0.0,,,,,0.0,,6.34,0.0,-6.46,0.0,97.24,0.0,0.0,0.0,0.0,0.0,0.0,0.0,0.0,14.0,0.0,46.86,0.0,30.0,100.0,-43.82,13.08,21.6,MULTI_STRATEGY,12.0,,23.54,0.0,0.0,0.0,0.0,0.0,0.0,0.0,0.0,0.0,0.0,0.0,0.0,0.0,0.0,0.0,0.0,0.0,0.0,0.0,-18.84,7.56,BALANCED_EXIT_STRATEGY,4.0,,true,16.45,16.06,false,30.0
08/11/2022,20:08:30,SYM,16.29,1000.0,1000.0,0.0,0,15.01,-28.92,0.0,-90.0,-3.44,-90.0,0.0,-90.0,-90.0,90.0,90.0,0.0,-90.0,8.39,0.0,90.0,90.0,90.0,0.0,0.0,0.0,0.0,0.0,0.0,0.0,0.0,0.0,0.0,0.0,0.0,,,,,0.0,N/A,0.0,0.0,0.0,-100.0,0.0,0.0,0.0,0.0,0.0,0.0,0.0,0.0,0.0,0.0,23.45,0.0,0.0,0.0,0.0,0.0,0.0,0.0,0.0,0.0,0.0,0.0,0.0,0.0,,,,,0.0,,0.35,0.0,2.09,0.0,97.24,0.0,0.0,0.0,0.0,0.0,0.0,0.0,23.17,14.0,0.0,57.86,0.0,30.0,100.0,-44.02,15.01,21.6,MULTI_STRATEGY,12.0,,-100.0,0.0,0.0,0.0,0.0,0.0,0.0,0.0,0.0,0.0,0.0,0.0,0.0,0.0,0.0,0.0,0.0,0.0,0.0,0.0,-28.92,7.56,BALANCED_EXIT_STRATEGY,4.0,,true,16.45,16.06,false,30.0
08/11/2022,20:09:30,SYM,16.3,1000.0,1000.0,0.0,0,15.0,-18.92,0.0,-90.0,-5.76,-90.0,0.0,-90.0,-90.0,90.0,90.0,0.0,0.0,21.34,0.0,90.0,90.0,90.0,0.0,0.0,0.0,0.0,0.0,0.0,0.0,0.0,0.0,0.0,0.0,0.0,,,,,0.0,N/A,0.0,0.0,0.0,0.0,0.0,0.0,0.0,0.0,0.0,0.0,0.0,0.0,0.0,0.0,23.54,0.0,0.0,0.0,0.0,0.0,0.0,0.0,0.0,0.0,0.0,0.0,0.0,0.0,,,,,0.0,,7.54,0.0,-5.67,0.0,97.24,0.0,0.0,0.0,0.0,0.0,0.0,0.0,23.17,14.0,0.0,58.49,0.0,30.0,100.0,-48.21,15.0,21.6,MULTI_STRATEGY,12.0,,23.54,0.0,0.0,0.0,0.0,0.0,0.0,0.0,0.0,0.0,0.0,0.0,0.0,0.0,0.0,0.0,0.0,0.0,0.0,0.0,-18.92,7.56,BALANCED_EXIT_STRATEGY,4.0,,true,16.45,16.06,false,30.0
08/11/2022,20:13:01,SYM,16.32,1000.0,1000.0,0.0,0,24.29,-28.92,0.0,90.0,-9.7,-90.0,0.0,-90.0,-90.0,90.0,90.0,0.0,0.0,31.56,90.0,90.0,90.0,90.0,0.0,0.0,0.0,0.0,0.0,0.0,0.0,0.0,0.0,0.0,0.0,0.0,,,,,0.0,N/A,0.0,0.0,0.0,-80.0,0.0,0.0,0.0,0.0,0.0,0.0,0.0,0.0,0.0,0.0,23.42,0.0,0.0,0.0,0.0,0.0,0.0,0.0,0.0,0.0,0.0,0.0,0.0,0.0,,,,,0.0,,27.28,0.0,100.0,0.0,97.25,0.0,0.0,4.21,0.0,0.0,0.0,0.0,20.29,14.0,0.0,47.86,0.0,50.0,100.0,48.82,24.29,21.6,MULTI_STRATEGY,12.0,,-76.58,0.0,0.0,0.0,0.0,0.0,0.0,0.0,0.0,0.0,0.0,0.0,0.0,0.0,0.0,0.0,0.0,0.0,0.0,0.0,-28.92,7.56,BALANCED_EXIT_STRATEGY,4.0,,true,16.45,16.06,false,50.0
08/11/2022,20:14:30,SYM,16.3,1000.0,1000.0,0.0,0,15.89,-46.35,0.0,-90.0,-5.76,-90.0,0.0,-90.0,-90.0,90.0,90.0,0.0,0.0,34.94,0.0,90.0,90.0,90.0,0.0,0.0,0.0,0.0,0.0,0.0,0.0,0.0,0.0,0.0,0.0,0.0,,,,,0.0,N/A,0.0,0.0,0.0,-80.0,0.0,0.0,0.0,0.0,0.0,0.0,0.0,0.0,0.0,0.0,23.22,0.0,0.0,0.0,0.0,0.0,0.0,0.0,0.0,0.0,0.0,0.0,0.0,0.0,,,,,0.0,,8.51,0.0,18.24,0.0,97.24,0.0,0.0,4.21,0.0,0.0,0.0,0.0,20.29,14.0,0.0,46.76,0.0,30.0,100.0,-42.96,15.89,21.6,MULTI_STRATEGY,12.0,,-76.78,0.0,0.0,0.0,0.0,0.0,0.0,0.0,0.0,0.0,0.0,0.0,0.0,0.0,0.0,0.0,0.0,0.0,0.0,0.0,-46.35,7.56,BALANCED_EXIT_STRATEGY,4.0,,true,16.45,16.06,false,30.0
08/11/2022,20:19:30,SYM,16.3,1000.0,1000.0,0.0,0,15.77,-46.35,0.0,-90.0,-5.76,-90.0,0.0,-90.0,-90.0,90.0,90.0,0.0,0.0,34.94,0.0,90.0,90.0,90.0,0.0,0.0,0.0,0.0,0.0,0.0,0.0,0.0,0.0,0.0,0.0,0.0,,,,,0.0,N/A,0.0,0.0,0.0,-80.0,0.0,0.0,0.0,0.0,0.0,0.0,0.0,0.0,0.0,0.0,23.22,0.0,0.0,0.0,0.0,0.0,0.0,0.0,0.0,0.0,0.0,0.0,0.0,0.0,,,,,0.0,,8.51,0.0,18.51,0.0,95.62,0.0,0.0,2.84,0.0,0.0,0.0,0.0,20.29,14.0,0.0,46.74,0.0,30.0,100.0,-42.96,15.77,21.6,MULTI_STRATEGY,12.0,,-76.78,0.0,0.0,0.0,0.0,0.0,0.0,0.0,0.0,0.0,0.0,0.0,0.0,0.0,0.0,0.0,0.0,0.0,0.0,0.0,-46.35,7.56,BALANCED_EXIT_STRATEGY,4.0,,true,16.45,16.06,false,30.0
08/11/2022,20:22:30,SYM,16.3,1000.0,1000.0,0.0,0,15.9,-56.35,0.0,-90.0,-5.76,-90.0,0.0,-90.0,-90.0,90.0,90.0,0.0,0.0,90.0,0.0,90.0,90.0,90.0,0.0,0.0,0.0,0.0,0.0,0.0,0.0,0.0,0.0,0.0,0.0,0.0,,,,,0.0,N/A,0.0,0.0,0.0,-80.0,0.0,0.0,0.0,0.0,0.0,0.0,0.0,0.0,0.0,0.0,22.93,0.0,0.0,0.0,0.0,0.0,0.0,0.0,0.0,0.0,0.0,0.0,0.0,0.0,,,,,0.0,,12.45,0.0,18.51,0.0,95.62,0.0,0.0,2.84,0.0,0.0,0.0,0.0,17.81,14.0,0.0,46.73,0.0,30.0,100.0,-42.14,15.9,21.6,MULTI_STRATEGY,12.0,,-77.07,0.0,0.0,0.0,0.0,0.0,0.0,0.0,0.0,0.0,0.0,0.0,0.0,0.0,0.0,0.0,0.0,0.0,0.0,0.0,-56.35,7.56,BALANCED_EXIT_STRATEGY,4.0,,true,16.45,16.06,false,30.0
08/11/2022,20:23:30,SYM,16.3,1000.0,1000.0,0.0,0,15.9,-56.35,0.0,-90.0,-5.76,-90.0,0.0,-90.0,-90.0,90.0,90.0,0.0,0.0,90.0,0.0,90.0,90.0,90.0,0.0,0.0,0.0,0.0,0.0,0.0,0.0,0.0,0.0,0.0,0.0,0.0,,,,,0.0,N/A,0.0,0.0,0.0,-80.0,0.0,0.0,0.0,0.0,0.0,0.0,0.0,0.0,0.0,0.0,22.93,0.0,0.0,0.0,0.0,0.0,0.0,0.0,0.0,0.0,0.0,0.0,0.0,0.0,,,,,0.0,,12.45,0.0,18.51,0.0,95.62,0.0,0.0,2.84,0.0,0.0,0.0,0.0,17.81,14.0,0.0,46.72,0.0,30.0,100.0,-42.14,15.9,21.6,MULTI_STRATEGY,12.0,,-77.07,0.0,0.0,0.0,0.0,0.0,0.0,0.0,0.0,0.0,0.0,0.0,0.0,0.0,0.0,0.0,0.0,0.0,0.0,0.0,-56.35,7.56,BALANCED_EXIT_STRATEGY,4.0,,true,16.45,16.06,false,30.0
08/11/2022,20:24:30,SYM,16.3,1000.0,1000.0,0.0,0,15.9,-56.35,0.0,-90.0,-5.76,-90.0,0.0,-90.0,-90.0,90.0,90.0,0.0,0.0,90.0,0.0,90.0,90.0,90.0,0.0,0.0,0.0,0.0,0.0,0.0,0.0,0.0,0.0,0.0,0.0,0.0,,,,,0.0,N/A,0.0,0.0,0.0,-80.0,0.0,0.0,0.0,0.0,0.0,0.0,0.0,0.0,0.0,0.0,22.93,0.0,0.0,0.0,0.0,0.0,0.0,0.0,0.0,0.0,0.0,0.0,0.0,0.0,,,,,0.0,,12.45,0.0,18.51,0.0,95.62,0.0,0.0,2.84,0.0,0.0,0.0,0.0,17.81,14.0,0.0,46.71,0.0,30.0,100.0,-42.14,15.9,21.6,MULTI_STRATEGY,12.0,,-77.07,0.0,0.0,0.0,0.0,0.0,0.0,0.0,0.0,0.0,0.0,0.0,0.0,0.0,0.0,0.0,0.0,0.0,0.0,0.0,-56.35,7.56,BALANCED_EXIT_STRATEGY,4.0,,true,16.45,16.06,false,30.0
08/11/2022,20:35:30,SYM,16.3,1000.0,1000.0,0.0,0,15.68,-66.35,0.0,-90.0,-5.76,-90.0,0.0,-90.0,-90.0,90.0,90.0,0.0,0.0,90.0,0.0,90.0,90.0,90.0,0.0,0.0,0.0,0.0,0.0,0.0,0.0,0.0,0.0,0.0,0.0,0.0,,,,,0.0,N/A,0.0,0.0,0.0,-80.0,0.0,0.0,0.0,0.0,0.0,0.0,0.0,0.0,0.0,0.0,22.66,0.0,0.0,0.0,0.0,0.0,0.0,0.0,0.0,0.0,0.0,0.0,0.0,0.0,,,,,0.0,,12.45,0.0,18.51,0.0,93.8,0.0,0.0,1.97,0.0,0.0,0.0,0.0,15.65,14.0,0.0,46.7,0.0,30.0,100.0,-41.35,15.68,21.6,MULTI_STRATEGY,12.0,,-77.34,0.0,0.0,0.0,0.0,0.0,0.0,0.0,0.0,0.0,0.0,0.0,0.0,0.0,0.0,0.0,0.0,0.0,0.0,0.0,-66.35,7.56,BALANCED_EXIT_STRATEGY,4.0,,true,16.45,16.06,false,30.0
08/11/2022,20:38:00,SYM,16.3,1000.0,1000.0,0.0,0,15.68,-66.35,0.0,-90.0,-5.76,-90.0,0.0,-90.0,-90.0,90.0,90.0,0.0,0.0,90.0,0.0,90.0,90.0,90.0,0.0,0.0,0.0,0.0,0.0,0.0,0.0,0.0,0.0,0.0,0.0,0.0,,,,,0.0,N/A,0.0,0.0,0.0,-80.0,0.0,0.0,0.0,0.0,0.0,0.0,0.0,0.0,0.0,0.0,22.66,0.0,0.0,0.0,0.0,0.0,0.0,0.0,0.0,0.0,0.0,0.0,0.0,0.0,,,,,0.0,,12.45,0.0,18.51,0.0,93.8,0.0,0.0,1.97,0.0,0.0,0.0,0.0,15.65,14.0,0.0,46.69,0.0,30.0,100.0,-41.35,15.68,21.6,MULTI_STRATEGY,12.0,,-77.34,0.0,0.0,0.0,0.0,0.0,0.0,0.0,0.0,0.0,0.0,0.0,0.0,0.0,0.0,0.0,0.0,0.0,0.0,0.0,-66.35,7.56,BALANCED_EXIT_STRATEGY,4.0,,true,16.45,16.06,false,30.0
08/11/2022,20:44:00,SYM,16.3,1000.0,1000.0,0.0,0,9.23,-66.35,0.0,-90.0,-3.95,-90.0,0.0,90.0,-90.0,90.0,90.0,0.0,0.0,87.84,0.0,90.0,90.0,90.0,0.0,0.0,0.0,0.0,0.0,0.0,0.0,0.0,0.0,0.0,0.0,0.0,,,,,0.0,N/A,0.0,0.0,0.0,-80.0,0.0,0.0,0.0,0.0,0.0,0.0,0.0,0.0,0.0,0.0,22.56,0.0,0.0,0.0,0.0,0.0,0.0,0.0,0.0,0.0,0.0,0.0,0.0,0.0,,,,,0.0,,25.28,0.0,0.0,0.0,93.8,0.0,0.0,1.5,-100.0,0.0,0.0,0.0,0.0,14.0,0.0,46.66,0.0,30.0,100.0,-40.41,9.23,21.6,MULTI_STRATEGY,12.0,,-77.44,0.0,0.0,0.0,0.0,0.0,0.0,0.0,0.0,0.0,0.0,0.0,0.0,0.0,0.0,0.0,0.0,0.0,0.0,0.0,-66.35,7.56,BALANCED_EXIT_STRATEGY,4.0,,true,16.45,16.06,false,30.0
08/11/2022,20:45:30,SYM,16.31,1000.0,1000.0,0.0,0,10.62,-66.35,0.0,90.0,-7.1,-90.0,0.0,-90.0,-90.0,90.0,90.0,0.0,0.0,90.0,90.0,90.0,90.0,90.0,0.0,0.0,0.0,0.0,0.0,0.0,0.0,0.0,0.0,0.0,0.0,0.0,,,,,0.0,N/A,0.0,0.0,0.0,-80.0,0.0,0.0,0.0,0.0,0.0,0.0,0.0,0.0,0.0,0.0,22.66,0.0,0.0,0.0,0.0,0.0,0.0,0.0,0.0,0.0,0.0,0.0,0.0,0.0,,,,,0.0,,31.64,0.0,-14.41,0.0,95.5,0.0,0.0,1.5,-100.0,0.0,0.0,0.0,0.0,14.0,0.0,47.14,0.0,30.0,100.0,52.77,10.62,21.6,MULTI_STRATEGY,12.0,,-77.34,0.0,0.0,0.0,0.0,0.0,0.0,0.0,0.0,0.0,0.0,0.0,0.0,0.0,0.0,0.0,0.0,0.0,0.0,0.0,-66.35,7.56,BALANCED_EXIT_STRATEGY,4.0,,true,16.45,16.06,false,30.0
08/11/2022,20:46:59,SYM,16.31,1000.0,1000.0,0.0,0,11.24,-66.35,0.0,90.0,-7.1,-90.0,0.0,-90.0,-90.0,90.0,90.0,0.0,0.0,90.0,90.0,90.0,90.0,90.0,0.0,0.0,0.0,0.0,0.0,0.0,0.0,0.0,0.0,0.0,0.0,0.0,,,,,0.0,N/A,0.0,0.0,0.0,-80.0,0.0,0.0,0.0,0.0,0.0,0.0,0.0,0.0,0.0,0.0,22.66,0.0,0.0,0.0,0.0,0.0,0.0,0.0,0.0,0.0,0.0,0.0,0.0,0.0,,,,,0.0,,31.64,0.0,-14.58,0.0,95.5,0.0,0.0,1.5,-100.0,0.0,0.0,0.0,0.0,14.0,0.0,58.88,0.0,30.0,100.0,52.77,11.24,21.6,MULTI_STRATEGY,12.0,,-77.34,0.0,0.0,0.0,0.0,0.0,0.0,0.0,0.0,0.0,0.0,0.0,0.0,0.0,0.0,0.0,0.0,0.0,0.0,0.0,-66.35,7.56,BALANCED_EXIT_STRATEGY,4.0,,true,16.45,16.06,false,30.0
08/11/2022,20:52:01,SYM,16.31,1000.0,1000.0,0.0,0,16.69,-76.35,0.0,90.0,-7.1,-90.0,0.0,-90.0,-90.0,90.0,90.0,0.0,0.0,90.0,90.0,90.0,90.0,90.0,0.0,0.0,0.0,0.0,0.0,0.0,0.0,0.0,0.0,0.0,0.0,0.0,,,,,0.0,N/A,0.0,0.0,0.0,-80.0,0.0,0.0,0.0,0.0,0.0,0.0,0.0,0.0,0.0,0.0,22.47,0.0,0.0,0.0,0.0,0.0,0.0,0.0,0.0,0.0,0.0,0.0,0.0,0.0,,,,,0.0,,31.64,67.01,10.64,0.0,95.5,0.0,0.0,0.9,-100.0,0.0,0.0,0.0,0.0,14.0,0.0,47.08,0.0,30.0,100.0,48.79,16.69,21.6,MULTI_STRATEGY,12.0,,-77.53,0.0,0.0,0.0,0.0,0.0,0.0,0.0,0.0,0.0,0.0,0.0,0.0,0.0,0.0,0.0,0.0,0.0,0.0,0.0,-76.35,7.56,BALANCED_EXIT_STRATEGY,4.0,,true,16.45,16.06,false,30.0
08/11/2022,20:53:30,SYM,16.31,1000.0,1000.0,0.0,0,16.43,-76.35,0.0,90.0,-7.1,-90.0,0.0,-90.0,-90.0,90.0,90.0,0.0,0.0,31.25,90.0,90.0,90.0,90.0,0.0,0.0,0.0,0.0,0.0,0.0,0.0,0.0,0.0,0.0,0.0,0.0,,,,,0.0,N/A,0.0,0.0,0.0,-80.0,0.0,0.0,0.0,0.0,0.0,0.0,0.0,0.0,0.0,0.0,22.47,0.0,0.0,0.0,0.0,0.0,0.0,0.0,0.0,0.0,0.0,0.0,0.0,0.0,,,,,0.0,,27.44,67.01,10.64,0.0,95.5,0.0,0.0,0.9,-100.0,0.0,0.0,0.0,0.0,14.0,0.0,47.05,0.0,30.0,100.0,48.79,16.43,21.6,MULTI_STRATEGY,12.0,,-77.53,0.0,0.0,0.0,0.0,0.0,0.0,0.0,0.0,0.0,0.0,0.0,0.0,0.0,0.0,0.0,0.0,0.0,0.0,0.0,-76.35,7.56,BALANCED_EXIT_STRATEGY,4.0,,true,16.45,16.06,false,30.0
08/11/2022,21:00:30,SYM,16.29,1000.0,1000.0,0.0,0,10.12,-76.35,0.0,-90.0,0.25,-90.0,-90.0,90.0,-90.0,90.0,90.0,0.0,0.0,90.0,0.0,90.0,90.0,90.0,0.0,0.0,0.0,0.0,0.0,0.0,0.0,0.0,0.0,0.0,0.0,0.0,,,,,0.0,N/A,0.0,0.0,0.0,-100.0,0.0,0.0,0.0,0.0,0.0,0.0,0.0,0.0,0.0,0.0,22.08,0.0,0.0,0.0,0.0,0.0,0.0,0.0,0.0,0.0,0.0,0.0,0.0,0.0,,,,,0.0,,19.3,0.0,0.0,0.0,94.65,0.0,0.0,0.0,-100.0,0.0,0.0,0.0,23.34,14.0,0.0,45.96,0.0,30.0,100.0,-35.02,10.12,21.6,MULTI_STRATEGY,12.0,,-100.0,0.0,0.0,0.0,0.0,0.0,0.0,0.0,0.0,0.0,0.0,0.0,0.0,0.0,0.0,0.0,0.0,0.0,0.0,0.0,-76.35,7.56,BALANCED_EXIT_STRATEGY,4.0,,true,16.45,16.06,false,30.0
08/11/2022,21:02:30,SYM,16.31,1000.0,1000.0,0.0,0,11.37,-76.35,0.0,90.0,-7.1,-90.0,-90.0,-90.0,-90.0,90.0,90.0,0.0,0.0,90.0,90.0,90.0,90.0,90.0,0.0,0.0,0.0,0.0,0.0,0.0,0.0,0.0,0.0,0.0,0.0,0.0,,,,,0.0,N/A,0.0,0.0,0.0,-80.0,0.0,0.0,0.0,0.0,0.0,0.0,0.0,0.0,0.0,0.0,22.28,0.0,0.0,0.0,0.0,0.0,0.0,0.0,0.0,0.0,0.0,0.0,0.0,0.0,,,,,0.0,,25.21,0.0,-14.25,0.0,96.38,0.0,0.0,0.0,-100.0,0.0,0.0,0.0,23.34,14.0,0.0,47.03,0.0,30.0,100.0,49.57,11.37,21.6,MULTI_STRATEGY,12.0,,-77.72,0.0,0.0,0.0,0.0,0.0,0.0,0.0,0.0,0.0,0.0,0.0,0.0,0.0,0.0,0.0,0.0,0.0,0.0,0.0,-76.35,7.56,BALANCED_EXIT_STRATEGY,4.0,,true,16.45,16.06,false,30.0
08/11/2022,21:05:01,SYM,16.31,1000.0,1000.0,0.0,0,11.35,-76.35,0.0,90.0,-7.1,-90.0,-90.0,-90.0,-90.0,90.0,90.0,0.0,0.0,90.0,90.0,90.0,90.0,90.0,0.0,0.0,0.0,0.0,0.0,0.0,0.0,0.0,0.0,0.0,0.0,0.0,,,,,0.0,N/A,0.0,0.0,0.0,-80.0,0.0,0.0,0.0,0.0,0.0,0.0,0.0,0.0,0.0,0.0,22.28,0.0,0.0,0.0,0.0,0.0,0.0,0.0,0.0,0.0,0.0,0.0,0.0,0.0,,,,,0.0,,25.21,0.0,-14.58,0.0,96.38,0.0,0.0,0.0,-100.0,0.0,0.0,0.0,23.34,14.0,0.0,47.02,0.0,30.0,100.0,49.57,11.35,21.6,MULTI_STRATEGY,12.0,,-77.72,0.0,0.0,0.0,0.0,0.0,0.0,0.0,0.0,0.0,0.0,0.0,0.0,0.0,0.0,0.0,0.0,0.0,0.0,0.0,-76.35,7.56,BALANCED_EXIT_STRATEGY,4.0,,true,16.45,16.06,false,30.0
08/11/2022,21:23:30,SYM,16.3,1000.0,1000.0,0.0,0,11.54,-76.35,0.0,-90.0,-2.72,-90.0,0.0,90.0,-90.0,90.0,90.0,0.0,0.0,90.0,0.0,90.0,90.0,90.0,0.0,0.0,0.0,0.0,0.0,0.0,0.0,0.0,0.0,0.0,0.0,0.0,,,,,0.0,N/A,0.0,0.0,0.0,-100.0,0.0,0.0,0.0,0.0,0.0,0.0,0.0,0.0,0.0,0.0,22.01,0.0,0.0,0.0,0.0,0.0,0.0,0.0,0.0,0.0,0.0,0.0,0.0,0.0,,,,,0.0,,25.52,0.0,18.37,0.0,94.56,0.0,0.0,0.0,-100.0,0.0,2.36,0.0,22.17,14.0,0.0,46.46,0.0,30.0,100.0,-38.07,11.54,21.6,MULTI_STRATEGY,12.0,,-100.0,0.0,0.0,0.0,0.0,0.0,0.0,0.0,0.0,0.0,0.0,0.0,0.0,0.0,0.0,0.0,0.0,0.0,0.0,0.0,-76.35,7.56,BALANCED_EXIT_STRATEGY,4.0,,true,16.45,16.06,false,30.0
08/11/2022,21:29:30,SYM,16.3,1000.0,1000.0,0.0,0,11.55,-76.35,0.0,-90.0,-2.72,-90.0,0.0,90.0,-90.0,90.0,90.0,0.0,0.0,90.0,0.0,90.0,90.0,90.0,0.0,0.0,0.0,0.0,0.0,0.0,0.0,0.0,0.0,0.0,0.0,0.0,,,,,0.0,N/A,0.0,0.0,0.0,-100.0,0.0,0.0,0.0,0.0,0.0,0.0,0.0,0.0,0.0,0.0,22.01,0.0,0.0,0.0,0.0,0.0,0.0,0.0,0.0,0.0,0.0,0.0,0.0,0.0,,,,,0.0,,25.52,0.0,18.51,0.0,94.56,0.0,0.0,0.0,-100.0,0.0,2.36,0.0,22.17,14.0,0.0,46.45,0.0,30.0,100.0,-38.07,11.55,21.6,MULTI_STRATEGY,12.0,,-100.0,0.0,0.0,0.0,0.0,0.0,0.0,0.0,0.0,0.0,0.0,0.0,0.0,0.0,0.0,0.0,0.0,0.0,0.0,0.0,-76.35,7.56,BALANCED_EXIT_STRATEGY,4.0,,true,16.45,16.06,false,30.0
08/11/2022,21:34:30,SYM,16.3,1000.0,1000.0,0.0,0,11.44,-86.35,0.0,-90.0,-2.72,-90.0,0.0,90.0,-90.0,90.0,90.0,0.0,0.0,90.0,0.0,90.0,90.0,90.0,0.0,0.0,0.0,0.0,0.0,0.0,0.0,0.0,0.0,0.0,0.0,0.0,,,,,0.0,N/A,0.0,0.0,0.0,-100.0,0.0,0.0,0.0,0.0,0.0,0.0,0.0,0.0,0.0,0.0,21.77,0.0,0.0,0.0,0.0,0.0,0.0,0.0,0.0,0.0,0.0,0.0,0.0,0.0,,,,,0.0,,25.52,0.0,18.51,0.0,92.72,0.0,0.0,0.0,-100.0,0.0,2.36,0.0,21.16,14.0,0.0,46.44,0.0,30.0,100.0,-37.44,11.44,21.6,MULTI_STRATEGY,12.0,,-100.0,0.0,0.0,0.0,0.0,0.0,0.0,0.0,0.0,0.0,0.0,0.0,0.0,0.0,0.0,0.0,0.0,0.0,0.0,0.0,-86.35,7.56,BALANCED_EXIT_STRATEGY,4.0,,true,16.45,16.06,false,30.0
08/11/2022,21:36:30,SYM,16.28,1000.0,1000.0,0.0,0,5.27,-86.35,0.0,-90.0,5.04,-90.0,0.0,90.0,-90.0,90.0,90.0,0.0,0.0,90.0,0.0,0.0,90.0,90.0,0.0,0.0,0.0,0.0,0.0,0.0,0.0,0.0,0.0,0.0,0.0,0.0,,,,,0.0,N/A,0.0,0.0,0.0,-100.0,0.0,0.0,0.0,0.0,0.0,0.0,0.0,0.0,0.0,0.0,25.88,0.0,0.0,0.0,0.0,0.0,0.0,0.0,0.0,0.0,0.0,0.0,0.0,0.0,,,,,0.0,,19.65,-86.21,0.0,0.0,92.7,0.0,0.0,0.0,-100.0,0.0,2.87,0.0,25.46,0.0,0.0,45.35,0.0,64.0,100.0,-29.84,5.27,21.6,MULTI_STRATEGY,12.0,,-99.12,0.0,0.0,0.0,0.0,0.0,0.0,0.0,0.0,0.0,0.0,0.0,0.0,0.0,0.0,0.0,0.0,0.0,0.0,0.0,-86.35,7.56,BALANCED_EXIT_STRATEGY,4.0,,true,16.45,16.06,true,64.0
08/11/2022,21:37:30,SYM,16.29,1000.0,1000.0,0.0,0,6.22,-86.35,0.0,-90.0,1.47,-90.0,0.0,90.0,-90.0,90.0,90.0,0.0,-90.0,90.0,0.0,90.0,90.0,90.0,0.0,0.0,0.0,0.0,0.0,0.0,0.0,0.0,0.0,0.0,0.0,0.0,,,,,0.0,N/A,0.0,0.0,0.0,-100.0,0.0,0.0,0.0,0.0,0.0,0.0,0.0,0.0,0.0,0.0,21.67,0.0,0.0,0.0,0.0,0.0,0.0,0.0,0.0,0.0,0.0,0.0,0.0,0.0,,,,,0.0,,19.39,-86.21,0.0,0.0,92.71,0.0,0.0,0.0,-100.0,0.0,2.62,0.0,25.46,14.0,0.0,45.88,38.86,30.0,100.0,-33.64,6.22,21.6,MULTI_STRATEGY,12.0,,-100.0,0.0,0.0,0.0,0.0,0.0,0.0,0.0,0.0,0.0,0.0,0.0,0.0,0.0,0.0,0.0,0.0,0.0,0.0,0.0,-86.35,7.56,BALANCED_EXIT_STRATEGY,4.0,,true,16.45,16.06,false,30.0
08/11/2022,21:43:00,SYM,16.24,1000.0,1000.0,0.0,0,5.04,-86.35,0.0,-90.0,32.92,-90.0,0.0,90.0,-90.0,90.0,90.0,0.0,0.0,90.0,0.0,0.0,90.0,90.0,0.0,0.0,0.0,0.0,0.0,0.0,0.0,0.0,0.0,0.0,0.0,0.0,,,,,0.0,N/A,0.0,0.0,-18.0,-100.0,0.0,0.0,0.0,0.0,0.0,0.0,0.0,0.0,0.0,0.0,25.07,0.0,0.0,0.0,0.0,0.0,0.0,0.0,0.0,0.0,0.0,0.0,0.0,0.0,,,,,0.0,,21.64,-90.54,10.46,0.0,92.66,0.0,0.0,0.0,-100.0,0.0,0.0,0.0,29.51,0.0,0.0,0.0,19.61,72.0,100.0,-14.13,5.04,21.6,MULTI_STRATEGY,12.0,,-100.0,0.0,0.0,0.0,0.0,0.0,0.0,0.0,0.0,0.0,0.0,0.0,0.0,0.0,0.0,0.0,0.0,0.0,0.0,0.0,-86.35,7.56,BALANCED_EXIT_STRATEGY,4.0,,true,16.45,16.06,true,72.0
08/11/2022,21:45:01,SYM,16.3,1000.0,1000.0,0.0,0,18.61,-16.35,0.0,-90.0,-2.75,-90.0,0.0,90.0,90.0,90.0,90.0,0.0,90.0,5.01,0.0,90.0,90.0,90.0,0.0,0.0,0.0,0.0,0.0,0.0,0.0,0.0,0.0,0.0,0.0,0.0,,,,,0.0,N/A,0.0,0.0,0.0,0.0,0.0,0.0,0.0,0.0,0.0,0.0,0.0,0.0,0.0,0.0,21.49,0.0,0.0,0.0,0.0,0.0,0.0,0.0,0.0,0.0,0.0,0.0,0.0,0.0,,,,,0.0,,38.73,0.0,-4.93,0.0,90.97,0.0,0.0,23.1,0.0,0.0,0.0,0.0,25.23,14.0,0.0,69.52,0.0,30.0,100.0,-55.56,18.61,21.6,MULTI_STRATEGY,12.0,,21.49,0.0,0.0,0.0,0.0,0.0,0.0,0.0,0.0,0.0,0.0,0.0,0.0,0.0,0.0,0.0,0.0,0.0,0.0,0.0,-16.35,7.56,BALANCED_EXIT_STRATEGY,4.0,,true,16.45,16.06,false,30.0
08/11/2022,21:46:01,SYM,16.3,1000.0,1000.0,0.0,0,18.53,3.65,0.0,-90.0,-2.75,-90.0,0.0,90.0,90.0,90.0,90.0,0.0,90.0,-0.0,0.0,90.0,90.0,90.0,0.0,0.0,0.0,0.0,0.0,0.0,0.0,0.0,0.0,0.0,0.0,0.0,,,,,0.0,N/A,0.0,0.0,0.0,0.0,0.0,0.0,0.0,0.0,0.0,0.0,0.0,0.0,0.0,0.0,21.49,0.0,0.0,0.0,0.0,0.0,0.0,0.0,0.0,0.0,0.0,0.0,0.0,0.0,,,,,0.0,,38.37,0.0,-5.83,0.0,90.97,0.0,0.0,23.1,0.0,0.0,0.0,0.0,25.23,14.0,0.0,69.48,0.0,30.0,100.0,-55.56,18.53,21.6,MULTI_STRATEGY,12.0,,21.49,0.0,0.0,0.0,0.0,0.0,0.0,0.0,0.0,0.0,0.0,0.0,0.0,0.0,0.0,0.0,0.0,0.0,0.0,0.0,3.65,7.56,BALANCED_EXIT_STRATEGY,4.0,,true,16.45,16.06,false,30.0
08/11/2022,21:50:30,SYM,16.3,1000.0,1000.0,0.0,0,25.54,0.49,0.0,-90.0,-2.75,-90.0,0.0,90.0,90.0,90.0,90.0,0.0,0.0,-6.7,0.0,90.0,90.0,90.0,0.0,0.0,0.0,0.0,0.0,0.0,0.0,0.0,0.0,0.0,0.0,0.0,,,,,0.0,N/A,0.0,0.0,0.0,-80.0,0.0,0.0,0.0,0.0,0.0,0.0,0.0,0.0,0.0,0.0,21.34,0.0,0.0,0.0,0.0,0.0,0.0,0.0,0.0,0.0,0.0,0.0,0.0,0.0,,,,,0.0,,31.47,0.0,18.51,0.0,90.97,100.0,0.0,48.03,0.0,4.06,0.0,0.0,25.04,14.0,0.0,46.25,0.0,30.0,100.0,-36.33,25.54,21.6,MULTI_STRATEGY,12.0,,-78.66,0.0,0.0,0.0,0.0,0.0,0.0,0.0,0.0,0.0,0.0,0.0,0.0,0.0,0.0,0.0,0.0,0.0,0.0,0.0,0.49,7.56,BALANCED_EXIT_STRATEGY,4.0,,true,16.45,16.06,false,30.0
08/11/2022,21:53:30,SYM,16.32,1000.0,1000.0,0.0,0,32.71,-9.51,0.0,90.0,-20.23,-90.0,0.0,-90.0,90.0,90.0,90.0,0.0,0.0,-7.5,90.0,90.0,90.0,90.0,0.0,0.0,0.0,0.0,0.0,0.0,0.0,0.0,0.0,0.0,0.0,0.0,,,,,0.0,N/A,0.0,0.0,25.73,-80.0,0.0,0.0,0.0,0.0,0.0,0.0,0.0,0.0,0.0,0.0,21.54,0.0,0.0,0.0,0.0,0.0,0.0,0.0,0.0,0.0,0.0,0.0,0.0,0.0,,,,,0.0,,36.59,0.0,100.0,0.0,92.66,100.0,0.0,48.03,0.0,0.0,0.0,0.0,25.04,14.0,0.0,47.32,0.0,50.0,100.0,48.79,32.71,21.6,MULTI_STRATEGY,12.0,,-69.46,0.0,0.0,0.0,0.0,0.0,0.0,0.0,0.0,0.0,0.0,0.0,0.0,0.0,0.0,0.0,0.0,0.0,0.0,0.0,-9.51,7.56,BALANCED_EXIT_STRATEGY,4.0,,true,16.45,16.06,false,50.0
08/11/2022,21:54:30,SYM,16.35,1000.0,1000.0,0.0,0,31.35,-29.51,0.0,90.0,-35.34,-90.0,0.0,-90.0,90.0,90.0,90.0,0.0,90.0,-9.0,90.0,90.0,90.0,90.0,0.0,0.0,0.0,0.0,0.0,0.0,0.0,0.0,0.0,0.0,0.0,0.0,,,,,0.0,N/A,0.0,0.0,54.41,-80.0,0.0,0.0,0.0,0.0,0.0,0.0,0.0,0.0,0.0,0.0,21.83,0.0,0.0,0.0,0.0,0.0,0.0,0.0,0.0,0.0,0.0,0.0,0.0,0.0,,,,,0.0,,41.83,0.0,100.0,0.0,92.69,100.0,0.0,24.93,0.0,0.0,0.0,0.0,25.04,14.0,0.0,48.91,0.0,50.0,92.37,42.5,31.35,21.6,MULTI_STRATEGY,12.0,,-59.12,0.0,0.0,0.0,0.0,0.0,0.0,0.0,0.0,0.0,0.0,0.0,0.0,0.0,0.0,0.0,0.0,0.0,0.0,0.0,-29.51,7.56,BALANCED_EXIT_STRATEGY,4.0,,true,16.45,16.06,false,50.0
08/11/2022,21:56:00,SYM,16.32,1000.0,1000.0,0.0,0,31.42,-39.51,0.0,90.0,-20.23,-90.0,0.0,-90.0,90.0,90.0,90.0,0.0,90.0,-9.71,90.0,90.0,90.0,90.0,0.0,0.0,0.0,0.0,0.0,0.0,0.0,0.0,0.0,0.0,0.0,0.0,,,,,0.0,N/A,0.0,0.0,25.73,-80.0,0.0,0.0,0.0,0.0,0.0,0.0,0.0,0.0,0.0,0.0,21.54,0.0,0.0,0.0,0.0,0.0,0.0,0.0,0.0,0.0,0.0,0.0,0.0,0.0,,,,,0.0,,42.86,0.0,100.0,0.0,92.66,100.0,0.0,16.91,0.0,0.0,0.0,0.0,25.04,14.0,0.0,47.28,0.0,50.0,100.0,48.79,31.42,21.6,MULTI_STRATEGY,12.0,,-69.46,0.0,0.0,0.0,0.0,0.0,0.0,0.0,0.0,0.0,0.0,0.0,0.0,0.0,0.0,0.0,0.0,0.0,0.0,0.0,-39.51,7.56,BALANCED_EXIT_STRATEGY,4.0,,true,16.45,16.06,false,50.0
08/11/2022,22:00:30,SYM,16.32,1000.0,1000.0,0.0,0,25.2,-49.39,0.0,90.0,-21.75,-90.0,0.0,-90.0,90.0,90.0,90.0,0.0,0.0,-90.0,90.0,90.0,90.0,90.0,0.0,0.0,0.0,0.0,0.0,0.0,0.0,0.0,0.0,0.0,0.0,0.0,,,,,0.0,N/A,0.0,0.0,24.89,-80.0,0.0,0.0,0.0,0.0,0.0,0.0,0.0,0.0,0.0,0.0,21.4,0.0,0.0,0.0,0.0,0.0,0.0,0.0,0.0,0.0,0.0,0.0,0.0,0.0,,,,,0.0,,30.59,0.0,100.0,0.0,91.87,0.0,0.0,16.91,0.0,0.0,0.0,0.0,24.87,14.0,0.0,47.27,0.0,50.0,100.0,48.77,25.2,22.31,MULTI_STRATEGY,12.0,,-69.89,0.0,0.0,0.0,0.0,0.0,0.0,0.0,0.0,0.0,0.0,0.0,0.0,0.0,0.0,0.0,0.0,0.0,0.0,0.0,-49.39,7.81,BALANCED_EXIT_STRATEGY,4.0,,true,16.45,16.06,false,50.0
08/11/2022,22:01:30,SYM,16.35,1000.0,1000.0,0.0,0,24.55,-49.39,0.0,90.0,-37.79,-90.0,0.0,-90.0,90.0,90.0,90.0,0.0,0.0,-90.0,90.0,90.0,90.0,90.0,0.0,0.0,0.0,0.0,0.0,0.0,0.0,0.0,0.0,0.0,0.0,0.0,,,,,0.0,N/A,0.0,0.0,51.36,-80.0,0.0,0.0,0.0,0.0,0.0,0.0,0.0,0.0,0.0,0.0,21.7,0.0,0.0,0.0,0.0,0.0,0.0,0.0,0.0,0.0,0.0,0.0,0.0,0.0,,,,,0.0,,29.44,0.0,100.0,0.0,91.91,0.0,0.0,14.2,0.0,0.0,0.0,0.0,24.87,14.0,0.0,48.87,0.0,50.0,92.37,42.49,24.55,24.87,MULTI_STRATEGY,12.0,,-60.33,0.0,0.0,0.0,0.0,0.0,0.0,0.0,0.0,0.0,0.0,0.0,0.0,0.0,0.0,0.0,0.0,0.0,0.0,0.0,-49.39,8.7,BALANCED_EXIT_STRATEGY,4.0,,true,16.45,16.06,false,50.0
08/11/2022,22:02:31,SYM,16.32,1000.0,1000.0,0.0,0,27.98,-66.33,0.0,90.0,-21.75,-90.0,0.0,-90.0,90.0,90.0,90.0,0.0,90.0,-90.0,90.0,90.0,90.0,90.0,0.0,0.0,0.0,0.0,0.0,0.0,0.0,0.0,0.0,0.0,0.0,0.0,,,,,0.0,N/A,0.0,0.0,24.89,-80.0,0.0,0.0,0.0,0.0,0.0,0.0,0.0,0.0,0.0,0.0,21.4,0.0,0.0,0.0,0.0,0.0,0.0,0.0,0.0,0.0,0.0,0.0,0.0,0.0,,,,,0.0,,37.02,0.0,100.0,0.0,91.87,0.0,0.0,37.29,0.0,0.0,0.0,0.0,24.87,14.0,0.0,70.7,0.0,50.0,100.0,48.77,27.98,24.87,MULTI_STRATEGY,12.0,,-69.89,0.0,0.0,0.0,0.0,0.0,0.0,0.0,0.0,0.0,0.0,0.0,0.0,0.0,0.0,0.0,0.0,0.0,0.0,0.0,-66.33,8.7,BALANCED_EXIT_STRATEGY,4.0,,true,16.45,16.06,false,50.0
08/11/2022,22:03:59,SYM,16.29,1000.0,1000.0,0.0,0,19.57,-76.33,0.0,-90.0,2.21,-90.0,0.0,90.0,90.0,90.0,90.0,0.0,-90.0,0.87,0.0,90.0,90.0,90.0,0.0,0.0,0.0,0.0,0.0,0.0,0.0,0.0,0.0,0.0,0.0,0.0,,,,,0.0,N/A,0.0,0.0,0.0,-100.0,0.0,0.0,0.0,0.0,0.0,0.0,0.0,0.0,0.0,0.0,21.1,0.0,0.0,0.0,0.0,0.0,0.0,0.0,0.0,0.0,0.0,0.0,0.0,0.0,,,,,0.0,,25.93,0.0,1.78,0.0,90.19,0.0,0.0,37.29,0.0,4.77,0.0,0.0,25.68,14.0,0.0,68.19,0.0,30.0,100.0,-35.17,19.57,25.71,MULTI_STRATEGY,12.0,,-100.0,0.0,0.0,0.0,0.0,0.0,0.0,0.0,0.0,0.0,0.0,0.0,0.0,0.0,0.0,0.0,0.0,0.0,0.0,0.0,-76.33,9.0,BALANCED_EXIT_STRATEGY,4.0,,true,16.45,16.06,false,30.0
08/11/2022,22:05:00,SYM,16.29,1000.0,1000.0,0.0,0,21.35,-76.33,0.0,-90.0,2.21,-90.0,0.0,90.0,90.0,90.0,90.0,0.0,-90.0,2.52,0.0,90.0,90.0,90.0,0.0,0.0,0.0,0.0,0.0,0.0,0.0,0.0,0.0,0.0,0.0,0.0,,,,,0.0,N/A,0.0,0.0,0.0,-100.0,0.0,0.0,0.0,0.0,0.0,0.0,0.0,0.0,0.0,0.0,21.1,0.0,0.0,0.0,0.0,0.0,0.0,0.0,0.0,0.0,0.0,0.0,0.0,0.0,,,,,0.0,,26.05,0.0,2.24,0.0,90.19,0.0,0.0,69.68,0.0,4.75,0.0,0.0,25.68,14.0,0.0,68.17,0.0,30.0,100.0,-35.17,21.35,25.71,MULTI_STRATEGY,12.0,,-100.0,0.0,0.0,0.0,0.0,0.0,0.0,0.0,0.0,0.0,0.0,0.0,0.0,0.0,0.0,0.0,0.0,0.0,0.0,0.0,-76.33,9.0,BALANCED_EXIT_STRATEGY,4.0,,true,16.45,16.06,false,30.0
08/11/2022,22:07:30,SYM,16.32,1000.0,1000.0,0.0,0,29.85,-76.33,0.0,90.0,-21.75,-90.0,0.0,-90.0,90.0,90.0,90.0,0.0,90.0,-90.0,90.0,90.0,90.0,90.0,0.0,0.0,0.0,0.0,0.0,0.0,0.0,0.0,0.0,0.0,0.0,0.0,,,,,0.0,N/A,0.0,0.0,24.89,-80.0,0.0,0.0,0.0,0.0,0.0,0.0,0.0,0.0,0.0,0.0,21.4,0.0,0.0,0.0,0.0,0.0,0.0,0.0,0.0,0.0,0.0,0.0,0.0,0.0,,,,,0.0,,37.02,0.0,100.0,0.0,91.87,0.0,0.0,69.68,0.0,0.0,0.0,0.0,25.68,14.0,0.0,70.48,0.0,50.0,100.0,53.65,29.85,25.71,MULTI_STRATEGY,12.0,,-69.89,0.0,0.0,0.0,0.0,0.0,0.0,0.0,0.0,0.0,0.0,0.0,0.0,0.0,0.0,0.0,0.0,0.0,0.0,0.0,-76.33,9.0,BALANCED_EXIT_STRATEGY,4.0,,true,16.45,16.06,false,50.0
08/11/2022,22:08:30,SYM,16.32,1000.0,1000.0,0.0,0,29.85,-76.33,0.0,90.0,-21.75,-90.0,0.0,-90.0,90.0,90.0,90.0,0.0,90.0,-90.0,90.0,90.0,90.0,90.0,0.0,0.0,0.0,0.0,0.0,0.0,0.0,0.0,0.0,0.0,0.0,0.0,,,,,0.0,N/A,0.0,0.0,24.89,-80.0,0.0,0.0,0.0,0.0,0.0,0.0,0.0,0.0,0.0,0.0,21.4,0.0,0.0,0.0,0.0,0.0,0.0,0.0,0.0,0.0,0.0,0.0,0.0,0.0,,,,,0.0,,37.02,0.0,100.0,0.0,91.87,0.0,0.0,69.68,0.0,0.0,0.0,0.0,25.68,14.0,0.0,70.47,0.0,50.0,100.0,53.65,29.85,25.71,MULTI_STRATEGY,12.0,,-69.89,0.0,0.0,0.0,0.0,0.0,0.0,0.0,0.0,0.0,0.0,0.0,0.0,0.0,0.0,0.0,0.0,0.0,0.0,0.0,-76.33,9.0,BALANCED_EXIT_STRATEGY,4.0,,true,16.45,16.06,false,50.0
08/11/2022,22:11:01,SYM,16.35,1000.0,1000.0,0.0,0,28.53,-66.33,0.0,90.0,-39.35,90.0,0.0,-90.0,90.0,90.0,90.0,0.0,0.0,-90.0,90.0,90.0,90.0,90.0,0.0,0.0,0.0,0.0,0.0,0.0,0.0,0.0,0.0,0.0,0.0,0.0,,,,,0.0,N/A,0.0,0.0,62.01,100.0,0.0,0.0,0.0,0.0,0.0,0.0,0.0,0.0,0.0,0.0,21.72,0.0,0.0,0.0,0.0,0.0,0.0,0.0,0.0,0.0,0.0,0.0,0.0,0.0,,,,,0.0,,42.19,0.0,100.0,0.0,91.91,0.0,0.0,71.12,0.0,0.0,0.85,0.0,26.24,14.0,0.0,48.59,0.0,50.0,92.37,42.52,28.53,29.34,MULTI_STRATEGY,12.0,,100.0,0.0,0.0,0.0,0.0,0.0,0.0,0.0,0.0,0.0,0.0,0.0,0.0,0.0,0.0,0.0,0.0,0.0,0.0,0.0,-66.33,10.27,BALANCED_EXIT_STRATEGY,4.0,,true,16.45,16.06,false,50.0
08/11/2022,22:12:08,SYM,16.32,1000.0,1000.0,0.0,0,27.05,-36.33,0.0,90.0,-21.75,-90.0,0.0,-90.0,90.0,90.0,90.0,0.0,0.0,-90.0,90.0,90.0,90.0,90.0,0.0,0.0,0.0,0.0,0.0,0.0,0.0,0.0,0.0,0.0,0.0,0.0,,,,,0.0,N/A,0.0,0.0,22.63,-80.0,0.0,0.0,0.0,0.0,0.0,0.0,0.0,0.0,0.0,0.0,21.42,0.0,0.0,0.0,0.0,0.0,0.0,0.0,0.0,0.0,0.0,0.0,0.0,0.0,,,,,0.0,,30.59,0.0,100.0,0.0,91.87,0.0,0.0,48.02,0.0,0.0,1.61,0.0,26.24,14.0,0.0,46.94,0.0,50.0,100.0,50.01,27.05,30.2,MULTI_STRATEGY,12.0,,-70.66,0.0,0.0,0.0,0.0,0.0,0.0,0.0,0.0,0.0,0.0,0.0,0.0,0.0,0.0,0.0,0.0,0.0,0.0,0.0,-36.33,10.57,BALANCED_EXIT_STRATEGY,4.0,,true,16.45,16.06,false,50.0
08/11/2022,22:13:30,SYM,16.3,1000.0,1000.0,0.0,0,18.61,-76.33,0.0,-90.0,-1.01,-90.0,0.0,90.0,90.0,90.0,90.0,0.0,-90.0,-90.0,0.0,90.0,90.0,85.0,0.0,0.0,0.0,0.0,0.0,0.0,0.0,0.0,0.0,0.0,0.0,0.0,,,,,0.0,N/A,0.0,0.0,0.0,-100.0,0.0,0.0,0.0,0.0,0.0,0.0,0.0,0.0,0.0,0.0,21.22,0.0,0.0,0.0,0.0,0.0,0.0,0.0,0.0,0.0,0.0,0.0,0.0,0.0,,,,,0.0,,18.86,-74.07,0.0,0.0,90.2,0.0,0.0,71.13,0.0,3.78,2.11,0.0,28.03,14.0,0.0,68.77,53.43,30.0,100.0,-35.06,18.61,32.4,MULTI_STRATEGY,12.0,,-100.0,0.0,0.0,0.0,0.0,0.0,0.0,0.0,0.0,0.0,0.0,0.0,0.0,0.0,0.0,0.0,0.0,0.0,0.0,0.0,-76.33,11.34,BALANCED_EXIT_STRATEGY,4.0,,true,16.45,16.06,false,30.0
08/11/2022,22:19:01,SYM,16.34,1000.0,1000.0,0.0,0,25.81,-76.33,0.0,90.0,-34.43,-90.0,0.0,-90.0,90.0,90.0,90.0,0.0,0.0,-90.0,90.0,90.0,90.0,85.0,0.0,0.0,0.0,0.0,0.0,0.0,0.0,0.0,0.0,0.0,0.0,0.0,,,,,0.0,N/A,0.0,0.0,52.69,-80.0,0.0,0.0,0.0,0.0,0.0,0.0,0.0,0.0,0.0,0.0,21.62,0.0,0.0,0.0,0.0,0.0,0.0,0.0,0.0,0.0,0.0,0.0,0.0,0.0,,,,,0.0,,29.33,-74.07,100.0,0.0,90.11,0.0,0.0,59.21,0.0,0.0,1.1,0.0,28.03,14.0,0.0,71.98,42.8,50.0,100.0,44.61,25.81,32.4,MULTI_STRATEGY,12.0,,-59.94,0.0,0.0,0.0,0.0,0.0,0.0,0.0,0.0,0.0,0.0,0.0,0.0,0.0,0.0,0.0,0.0,0.0,0.0,0.0,-76.33,11.34,BALANCED_EXIT_STRATEGY,4.0,,true,16.45,16.06,false,50.0
08/11/2022,22:21:01,SYM,16.28,1000.0,1000.0,0.0,0,17.8,-76.33,0.0,-90.0,6.55,-90.0,0.0,90.0,90.0,90.0,90.0,0.0,0.0,-90.0,0.0,0.0,90.0,90.0,0.0,0.0,0.0,0.0,0.0,0.0,0.0,0.0,0.0,0.0,0.0,0.0,,,,,0.0,N/A,0.0,0.0,0.0,-100.0,0.0,0.0,0.0,0.0,0.0,0.0,0.0,0.0,0.0,0.0,25.38,0.0,0.0,0.0,0.0,0.0,0.0,0.0,0.0,0.0,0.0,0.0,0.0,0.0,,,,,0.0,,19.75,-69.69,0.0,0.0,88.41,0.0,0.0,59.21,0.0,4.19,2.62,0.0,30.06,0.0,0.0,44.73,42.82,64.0,100.0,-26.6,17.8,32.4,MULTI_STRATEGY,12.0,,-99.62,0.0,0.0,0.0,0.0,0.0,0.0,0.0,0.0,0.0,0.0,0.0,0.0,0.0,0.0,0.0,0.0,0.0,0.0,0.0,-76.33,11.34,BALANCED_EXIT_STRATEGY,4.0,,true,16.45,16.06,true,64.0
08/11/2022,22:23:00,SYM,16.32,1000.0,1000.0,0.0,0,18.0,-76.33,0.0,90.0,-6.85,-90.0,0.0,-90.0,90.0,90.0,90.0,0.0,0.0,-90.0,90.0,90.0,90.0,90.0,0.0,0.0,0.0,0.0,0.0,0.0,0.0,0.0,0.0,0.0,0.0,0.0,,,,,0.0,N/A,0.0,0.0,0.0,-80.0,0.0,0.0,0.0,0.0,0.0,0.0,0.0,0.0,0.0,0.0,21.55,0.0,0.0,0.0,0.0,0.0,0.0,0.0,0.0,0.0,0.0,0.0,0.0,0.0,,,,,0.0,,31.65,-69.69,0.0,0.0,90.09,0.0,0.0,36.1,0.0,0.0,1.61,0.0,30.06,14.0,0.0,46.88,33.26,50.0,100.0,50.85,18.0,32.4,MULTI_STRATEGY,12.0,,-78.45,0.0,0.0,0.0,0.0,0.0,0.0,0.0,0.0,0.0,0.0,0.0,0.0,0.0,0.0,0.0,0.0,0.0,0.0,0.0,-76.33,11.34,BALANCED_EXIT_STRATEGY,4.0,,true,16.45,16.06,false,50.0
08/11/2022,22:28:30,SYM,16.35,1000.0,1000.0,0.0,0,21.15,-46.33,0.0,90.0,-39.91,90.0,0.0,-90.0,90.0,90.0,90.0,0.0,90.0,-90.0,90.0,90.0,90.0,90.0,0.0,0.0,0.0,0.0,0.0,0.0,0.0,0.0,0.0,0.0,0.0,0.0,,,,,0.0,N/A,0.0,0.0,57.35,100.0,0.0,0.0,0.0,0.0,0.0,0.0,0.0,0.0,0.0,0.0,21.85,0.0,0.0,0.0,0.0,0.0,0.0,0.0,0.0,0.0,0.0,0.0,0.0,0.0,,,,,0.0,,48.58,-69.69,100.0,0.0,90.12,0.0,0.0,16.14,0.0,0.0,0.85,0.0,30.06,14.0,0.0,48.46,1.36,50.0,92.37,42.59,21.15,32.4,MULTI_STRATEGY,12.0,,100.0,0.0,0.0,0.0,0.0,0.0,0.0,0.0,0.0,0.0,0.0,0.0,0.0,0.0,0.0,0.0,0.0,0.0,0.0,0.0,-46.33,11.34,BALANCED_EXIT_STRATEGY,4.0,,true,16.45,16.06,false,50.0
08/11/2022,22:29:30,SYM,16.35,1000.0,1000.0,0.0,0,21.73,-36.33,0.0,90.0,-39.91,90.0,0.0,-90.0,90.0,90.0,90.0,0.0,90.0,-90.0,90.0,90.0,90.0,90.0,0.0,0.0,0.0,0.0,0.0,0.0,0.0,0.0,0.0,0.0,0.0,0.0,,,,,0.0,N/A,0.0,0.0,57.35,100.0,0.0,0.0,0.0,0.0,0.0,0.0,0.0,0.0,0.0,0.0,21.85,0.0,0.0,0.0,0.0,0.0,0.0,0.0,0.0,0.0,0.0,0.0,0.0,0.0,,,,,0.0,,48.58,-69.69,100.0,0.0,90.12,0.0,0.0,16.14,0.0,0.0,0.85,0.0,30.06,14.0,0.0,60.57,0.0,50.0,92.37,42.59,21.73,32.4,MULTI_STRATEGY,12.0,,100.0,0.0,0.0,0.0,0.0,0.0,0.0,0.0,0.0,0.0,0.0,0.0,0.0,0.0,0.0,0.0,0.0,0.0,0.0,0.0,-36.33,11.34,BALANCED_EXIT_STRATEGY,4.0,,true,16.45,16.06,false,50.0
08/11/2022,22:30:30,SYM,16.31,1000.0,1000.0,0.0,0,21.26,-26.33,0.0,-90.0,-0.84,90.0,0.0,90.0,90.0,90.0,90.0,0.0,0.0,-90.0,0.0,90.0,90.0,90.0,0.0,0.0,0.0,0.0,0.0,0.0,0.0,0.0,0.0,0.0,0.0,0.0,,,,,0.0,N/A,0.0,0.0,0.0,-100.0,0.0,0.0,0.0,0.0,0.0,0.0,0.0,0.0,0.0,0.0,21.59,0.0,0.0,0.0,0.0,0.0,0.0,0.0,0.0,0.0,0.0,0.0,0.0,0.0,,,,,0.0,,38.51,0.0,0.0,0.0,89.99,0.0,0.0,16.14,0.0,0.0,1.86,0.0,31.82,14.0,0.0,46.28,29.94,30.0,100.0,55.08,21.26,32.4,MULTI_STRATEGY,12.0,,-100.0,0.0,0.0,0.0,0.0,0.0,0.0,0.0,0.0,0.0,0.0,0.0,0.0,0.0,0.0,0.0,0.0,0.0,0.0,0.0,-26.33,11.34,BALANCED_EXIT_STRATEGY,4.0,,true,16.45,16.06,false,30.0
08/11/2022,22:31:30,SYM,16.35,1000.0,1000.0,0.0,0,26.24,-6.33,0.0,90.0,-39.91,90.0,0.0,-90.0,90.0,90.0,90.0,0.0,0.0,-90.0,90.0,90.0,90.0,90.0,0.0,0.0,0.0,0.0,0.0,0.0,0.0,0.0,0.0,0.0,0.0,0.0,,,,,0.0,N/A,0.0,0.0,49.87,100.0,0.0,0.0,0.0,0.0,0.0,0.0,0.0,0.0,0.0,0.0,21.98,0.0,0.0,0.0,0.0,0.0,0.0,0.0,0.0,0.0,0.0,0.0,0.0,0.0,,,,,0.0,,42.15,0.0,100.0,0.0,90.03,0.0,0.0,16.14,0.0,0.0,0.85,0.0,31.82,14.0,0.0,48.42,8.68,50.0,92.37,41.76,26.24,32.4,MULTI_STRATEGY,12.0,,100.0,0.0,0.0,0.0,0.0,0.0,0.0,0.0,0.0,0.0,0.0,0.0,0.0,0.0,0.0,0.0,0.0,0.0,0.0,0.0,-6.33,11.34,BALANCED_EXIT_STRATEGY,4.0,,true,16.45,16.06,false,50.0
08/11/2022,22:32:30,SYM,16.31,1000.0,1000.0,0.0,0,20.69,3.67,0.0,-90.0,-0.84,90.0,0.0,90.0,90.0,90.0,90.0,0.0,0.0,-90.0,0.0,90.0,90.0,90.0,0.0,0.0,0.0,0.0,0.0,0.0,0.0,0.0,0.0,0.0,0.0,0.0,,,,,0.0,N/A,0.0,0.0,0.0,-100.0,0.0,0.0,0.0,0.0,0.0,0.0,0.0,0.0,0.0,0.0,21.59,0.0,0.0,0.0,0.0,0.0,0.0,0.0,0.0,0.0,0.0,0.0,0.0,0.0,,,,,0.0,,38.51,0.0,0.0,0.0,89.99,0.0,0.0,16.14,0.0,0.0,1.86,0.0,31.82,14.0,0.0,46.25,19.32,30.0,100.0,55.08,20.69,32.4,MULTI_STRATEGY,12.0,,-100.0,0.0,0.0,0.0,0.0,0.0,0.0,0.0,0.0,0.0,0.0,0.0,0.0,0.0,0.0,0.0,0.0,0.0,0.0,0.0,3.67,11.34,BALANCED_EXIT_STRATEGY,4.0,,true,16.45,16.06,false,30.0
08/11/2022,22:40:00,SYM,16.35,1000.0,1000.0,0.0,0,25.99,13.67,0.0,90.0,-24.8,90.0,0.0,-90.0,90.0,90.0,90.0,0.0,0.0,-90.0,90.0,90.0,90.0,90.0,0.0,0.0,0.0,0.0,0.0,0.0,0.0,0.0,0.0,0.0,0.0,0.0,,,,,0.0,N/A,0.0,0.0,29.92,100.0,0.0,0.0,0.0,0.0,0.0,0.0,0.0,0.0,0.0,0.0,21.76,0.0,0.0,0.0,0.0,0.0,0.0,0.0,0.0,0.0,0.0,0.0,0.0,0.0,,,,,0.0,,43.23,0.0,100.0,0.0,90.03,0.0,0.0,8.38,0.0,0.0,0.85,0.0,33.35,14.0,0.0,48.41,8.69,50.0,92.37,42.69,25.99,32.4,MULTI_STRATEGY,12.0,,100.0,0.0,0.0,0.0,0.0,0.0,0.0,0.0,0.0,0.0,0.0,0.0,0.0,0.0,0.0,0.0,0.0,0.0,0.0,0.0,13.67,11.34,BALANCED_EXIT_STRATEGY,4.0,,true,16.45,16.06,false,50.0
08/11/2022,22:43:30,SYM,16.35,1000.0,1000.0,0.0,0,28.55,93.67,0.0,90.0,-24.8,90.0,0.0,-90.0,90.0,90.0,90.0,0.0,90.0,-90.0,90.0,90.0,90.0,90.0,0.0,0.0,0.0,0.0,0.0,0.0,0.0,0.0,0.0,0.0,0.0,0.0,,,,,0.0,N/A,0.0,0.0,29.92,100.0,0.0,0.0,0.0,0.0,0.0,0.0,0.0,0.0,0.0,0.0,21.76,0.0,0.0,0.0,0.0,0.0,0.0,0.0,0.0,0.0,0.0,0.0,0.0,0.0,,,,,0.0,,49.66,0.0,100.0,0.0,90.03,0.0,0.0,31.5,0.0,0.0,0.85,0.0,33.35,14.0,0.0,72.41,0.0,50.0,92.37,46.96,28.55,32.4,MULTI_STRATEGY,12.0,,100.0,0.0,0.0,0.0,0.0,0.0,0.0,0.0,0.0,0.0,0.0,0.0,0.0,0.0,0.0,0.0,0.0,0.0,0.0,0.0,93.67,11.34,BALANCED_EXIT_STRATEGY,4.0,,true,16.45,16.06,false,50.0
08/11/2022,22:45:00,SYM,16.35,1000.0,1000.0,0.0,0,28.54,93.67,0.0,90.0,-24.8,90.0,0.0,-90.0,90.0,90.0,90.0,0.0,90.0,-90.0,90.0,90.0,90.0,90.0,0.0,0.0,0.0,0.0,0.0,0.0,0.0,0.0,0.0,0.0,0.0,0.0,,,,,0.0,N/A,0.0,0.0,29.92,100.0,0.0,0.0,0.0,0.0,0.0,0.0,0.0,0.0,0.0,0.0,21.76,0.0,0.0,0.0,0.0,0.0,0.0,0.0,0.0,0.0,0.0,0.0,0.0,0.0,,,,,0.0,,49.66,0.0,100.0,0.0,89.96,0.0,0.0,31.5,0.0,0.0,0.85,0.0,33.35,14.0,0.0,72.4,0.0,50.0,92.37,46.96,28.54,32.4,MULTI_STRATEGY,12.0,,100.0,0.0,0.0,0.0,0.0,0.0,0.0,0.0,0.0,0.0,0.0,0.0,0.0,0.0,0.0,0.0,0.0,0.0,0.0,0.0,93.67,11.34,BALANCED_EXIT_STRATEGY,4.0,,true,16.45,16.06,false,50.0
08/11/2022,22:46:30,SYM,16.37,1000.0,1000.0,0.0,0,29.08,93.67,0.0,90.0,-32.71,90.0,-90.0,-90.0,90.0,90.0,90.0,0.0,90.0,-90.0,90.0,90.0,90.0,0.0,0.0,0.0,0.0,0.0,0.0,0.0,0.0,0.0,0.0,0.0,0.0,0.0,,,,,0.0,N/A,0.0,0.0,42.97,100.0,0.0,0.0,0.0,0.0,0.0,0.0,0.0,0.0,0.0,0.0,21.96,0.0,0.0,0.0,0.0,0.0,0.0,0.0,0.0,0.0,0.0,0.0,0.0,0.0,,,,,0.0,,36.24,0.0,100.0,0.0,89.98,0.0,0.0,56.92,0.0,0.0,0.35,0.0,28.1,14.0,0.0,73.86,27.99,50.0,70.43,42.35,29.08,32.4,MULTI_STRATEGY,12.0,,100.0,0.0,0.0,0.0,0.0,0.0,0.0,0.0,0.0,0.0,0.0,0.0,0.0,0.0,0.0,0.0,0.0,0.0,0.0,0.0,93.67,11.34,BALANCED_EXIT_STRATEGY,4.0,,true,16.45,16.06,false,50.0
08/11/2022,22:47:30,SYM,16.39,1000.0,1000.0,0.0,0,27.82,93.67,0.0,90.0,-39.11,90.0,0.0,-90.0,90.0,90.0,90.0,0.0,90.0,-90.0,90.0,90.0,90.0,0.0,0.0,0.0,0.0,0.0,0.0,0.0,0.0,0.0,0.0,0.0,0.0,0.0,,,,,0.0,N/A,0.0,0.0,53.54,100.0,0.0,0.0,0.0,0.0,0.0,0.0,0.0,0.0,0.0,0.0,22.16,0.0,0.0,0.0,0.0,0.0,0.0,0.0,0.0,0.0,0.0,0.0,0.0,0.0,,,,,0.0,,42.21,0.0,93.48,0.0,90.0,0.0,0.0,56.93,0.0,0.0,0.0,0.0,28.1,14.0,0.0,75.41,27.98,50.0,48.55,32.82,27.82,32.4,MULTI_STRATEGY,12.0,,100.0,0.0,0.0,0.0,0.0,0.0,0.0,0.0,0.0,0.0,0.0,0.0,0.0,0.0,0.0,0.0,0.0,0.0,0.0,0.0,93.67,11.34,BALANCED_EXIT_STRATEGY,4.0,,true,16.45,16.06,false,50.0
08/11/2022,22:51:00,SYM,16.37,1000.0,1000.0,0.0,0,21.59,93.67,0.0,90.0,-25.66,90.0,-90.0,-90.0,90.0,90.0,90.0,0.0,0.0,-90.0,90.0,90.0,90.0,36.0,0.0,0.0,0.0,0.0,0.0,0.0,0.0,0.0,0.0,0.0,0.0,0.0,,,,,0.0,N/A,0.0,0.0,28.49,100.0,0.0,0.0,0.0,0.0,0.0,0.0,0.0,0.0,0.0,0.0,22.34,0.0,0.0,0.0,0.0,0.0,0.0,0.0,0.0,0.0,0.0,0.0,0.0,0.0,,,,,0.0,,32.88,0.0,0.0,0.0,89.98,0.0,0.0,62.71,0.0,0.0,0.35,0.0,24.87,14.0,0.0,49.18,17.25,50.0,70.43,36.82,21.59,32.4,MULTI_STRATEGY,12.0,,100.0,0.0,0.0,0.0,0.0,0.0,0.0,0.0,0.0,0.0,0.0,0.0,0.0,0.0,0.0,0.0,0.0,0.0,0.0,0.0,93.67,11.34,BALANCED_EXIT_STRATEGY,4.0,,true,16.45,16.06,false,50.0
08/11/2022,22:52:00,SYM,16.38,1000.0,1000.0,0.0,0,24.36,73.67,0.0,90.0,-32.04,90.0,-90.0,-90.0,90.0,90.0,90.0,0.0,0.0,-90.0,90.0,90.0,90.0,36.0,0.0,0.0,0.0,0.0,0.0,0.0,0.0,0.0,0.0,0.0,0.0,0.0,,,,,0.0,N/A,0.0,0.0,38.07,100.0,0.0,0.0,0.0,0.0,0.0,0.0,0.0,0.0,0.0,0.0,22.44,0.0,0.0,0.0,0.0,0.0,0.0,0.0,0.0,0.0,0.0,0.0,0.0,0.0,,,,,0.0,,32.43,0.0,100.0,0.0,89.99,0.0,0.0,39.58,0.0,0.0,0.1,0.0,24.87,14.0,0.0,49.67,4.03,50.0,59.49,33.49,24.36,32.4,MULTI_STRATEGY,12.0,,100.0,0.0,0.0,0.0,0.0,0.0,0.0,0.0,0.0,0.0,0.0,0.0,0.0,0.0,0.0,0.0,0.0,0.0,0.0,0.0,73.67,11.34,BALANCED_EXIT_STRATEGY,4.0,,true,16.45,16.06,false,50.0
